n,z,halflife(Seconds)
1,0,613.9
1,1,STABLE
2,1,388789632
4,1,7.994736842105262e-23
5,1,2.8481249999999997e-22
1,2,STABLE
2,2,STABLE
3,2,7.595e-22
4,2,0.8067000000000001
5,2,3.038e-21
6,2,0.1191
8,2,1.519e-21
1,3,7.557213930348257e-23
2,3,3.038e-22
3,3,STABLE
4,3,STABLE
5,3,0.8399
6,3,0.17830000000000001
8,3,0.00875
2,4,4.953260869565218e-21
3,4,4598208
4,4,8.181328545780969e-17
5,4,STABLE
6,4,47651976000000
7,4,13.76
8,4,0.02147
9,4,2.7e-21
10,4,0.00435
11,4,7.856896551724138e-22
12,4,5.696249999999999e-22
2,5,3.255e-22
3,5,0.77
4,5,8.438888888888889e-19
5,5,STABLE
6,5,STABLE
7,5,0.0202
8,5,0.017329999999999998
9,5,0.01236
10,5,0.01018
12,5,0.00508
14,5,0.00292
2,6,1.981304347826087e-21
3,6,0.1265
4,6,19.308
5,6,1221.8400000000001
6,6,STABLE
7,6,STABLE
8,6,179878320000
9,6,2.449
10,6,0.747
11,6,0.191
12,6,0.092
13,6,0.046200000000000005
14,6,0.0162
16,6,0.0060999999999999995
4,7,5.4903614457831325e-22
5,7,0.011
6,7,597.9
7,7,STABLE
8,7,STABLE
9,7,7.13
10,7,4.171
11,7,0.619
12,7,0.336
13,7,0.136
14,7,0.0848
15,7,0.0195
16,7,0.0141
4,8,1.1392499999999999e-21
5,8,0.00858
6,8,70.62
7,8,122.24
8,8,STABLE
9,8,STABLE
10,8,STABLE
11,8,26.88
12,8,13.51
13,8,3.42
14,8,2.25
15,8,0.097
16,8,0.07200000000000001
17,8,6.3e-21
18,8,4.5e-12
5,9,5.007692307692308e-22
6,9,6.904545454545455e-22
7,9,1.13925e-20
8,9,64.49
9,9,6586.2
10,9,STABLE
11,9,11.07
12,9,4.158
13,9,4.23
14,9,2.23
15,9,0.382
16,9,0.08
17,9,0.008199999999999999
18,9,0.005
19,9,4.6000000000000004e-20
20,9,0.00267
6,10,9e-21
7,10,0.1092
8,10,1.667
9,10,17.22
10,10,STABLE
11,10,STABLE
12,10,STABLE
13,10,37.24
14,10,202.79999999999998
15,10,0.602
16,10,0.197
17,10,0.0315
18,10,0.02
19,10,0.015
20,10,0.00739
21,10,0.0034
22,10,0.0035
24,10,6.000000000000001e-8
7,11,1.3e-21
9,11,0.44789999999999996
10,11,22.49
11,11,82106563.67999999
12,11,STABLE
13,11,53989.2
14,11,59.1
15,11,1.07128
16,11,0.301
17,11,0.0305
18,11,0.0441
19,11,0.048
20,11,0.0174
21,11,0.0132
22,11,0.0081
23,11,0.005
24,11,0.0018000000000000002
7,12,4e-12
8,12,0.0908
9,12,0.122
10,12,3.8755
11,12,11.317
12,12,STABLE
13,12,STABLE
14,12,STABLE
15,12,567.48
16,12,75294
17,12,1.3
18,12,0.317
19,12,0.23600000000000002
20,12,0.08600000000000001
21,12,0.08940000000000001
22,12,0.02
23,12,0.011300000000000001
24,12,0.0058
25,12,0.008
9,13,0.0911
10,13,0.47
11,13,2.053
12,13,7.183
13,13,22626799200000
14,13,STABLE
15,13,134.70000000000002
16,13,393.59999999999997
17,13,3.62
18,13,0.644
19,13,0.0319
20,13,0.0417
21,13,0.056299999999999996
22,13,0.0376
23,13,0.094
24,13,0.0107
25,13,0.0076
26,13,0.0076
8,14,0.029
9,14,0.0423
10,14,0.1405
11,14,0.22
12,14,2.2453
13,14,4.15
14,14,STABLE
15,14,STABLE
16,14,STABLE
17,14,9441.6
18,14,4828312800
19,14,6.11
20,14,2.77
21,14,0.78
22,14,0.45
23,14,0.09
24,14,0.095
25,14,0.0475
26,14,0.033
27,14,0.02
28,14,0.0125
11,15,0.0437
12,15,0.26
13,15,0.27030000000000004
14,15,4.142
15,15,149.88000000000002
16,15,STABLE
17,15,1232755.2
18,15,2190240
19,15,12.43
20,15,47.3
21,15,5.6
22,15,2.31
23,15,0.64
24,15,0.28
25,15,0.15
26,15,0.101
27,15,0.0485
28,15,0.0365
29,15,0.0185
30,15,2.0000000000000002e-7
31,15,2.0000000000000002e-7
11,16,0.0155
12,16,0.125
13,16,0.188
14,16,1.178
15,16,2.5534
16,16,STABLE
17,16,STABLE
18,16,STABLE
19,16,7548768
20,16,STABLE
21,16,303
22,16,10218
23,16,11.5
24,16,8.8
25,16,2.6
26,16,1.03
27,16,0.273
28,16,0.1
29,16,0.068
30,16,0.05
32,16,2.0000000000000002e-7
14,17,0.19
15,17,0.298
16,17,2.511
17,17,1.5264
18,17,STABLE
19,17,9498837600000
20,17,STABLE
21,17,2234.4
22,17,3372
23,17,81
24,17,38.4
25,17,6.8
26,17,3.1750000000000003
27,17,0.65
28,17,0.4
29,17,0.232
30,17,0.101
31,17,2.0000000000000002e-7
32,17,1.7000000000000001e-7
33,17,6.2e-7
34,17,2.0000000000000002e-7
13,18,0.014400000000000001
14,18,0.098
15,18,0.17300000000000001
16,18,0.8445
17,18,1.7756
18,18,STABLE
19,18,3027456
20,18,STABLE
21,18,8488994400
22,18,STABLE
23,18,6576.6
24,18,1038245040
25,18,322.2
26,18,712.1999999999999
27,18,21.48
28,18,8.4
29,18,1.23
30,18,0.424
31,18,0.23600000000000002
32,18,0.106
33,18,2.0000000000000002e-7
34,18,6.2e-7
35,18,6.2e-7
16,19,0.178
17,19,0.342
18,19,1.226
19,19,458.16
20,19,STABLE
21,19,39383884800000000
22,19,STABLE
23,19,44478
24,19,80280
25,19,1327.8
26,19,1068.6
27,19,105
28,19,17.5
29,19,6.83
30,19,1.2630000000000001
31,19,0.47200000000000003
32,19,0.365
33,19,0.11
34,19,0.03
35,19,0.01
36,19,3.6000000000000005e-7
37,19,2e-8
15,20,0.0257
16,20,0.10200000000000001
17,20,0.1811
18,20,0.44
19,20,0.8596
20,20,9.46728e+28
21,20,3136825440000
22,20,STABLE
23,20,STABLE
24,20,STABLE
25,20,14049504.000000002
26,20,8.836128e+22
27,20,391910.39999999997
28,20,1.8303407999999997e+30
29,20,523.08
30,20,13.9
31,20,10
32,20,4.6000000000000005
33,20,0.461
34,20,0.107
35,20,0.022
36,20,0.011
37,20,6.2e-7
38,20,6.2e-7
19,21,0.18230000000000002
20,21,0.5962999999999999
21,21,0.6807000000000001
22,21,14007.6
23,21,14292
24,21,STABLE
25,21,7239456.000000001
26,21,289370.88
27,21,157212
28,21,3430.8
29,21,102.5
30,21,12.4
31,21,0.2
32,21,2.4
33,21,0.526
34,21,0.096
35,21,0.031
36,21,0.002
37,21,0.012
38,21,3.6000000000000005e-7
39,21,3.6000000000000005e-7
40,21,3.6000000000000005e-7
17,22,0.031
18,22,0.0524
19,22,0.0819
20,22,0.20865
21,22,0.509
22,22,1893456000
23,22,11088
24,22,STABLE
25,22,STABLE
26,22,STABLE
27,22,STABLE
28,22,STABLE
29,22,345.59999999999997
30,22,102
31,22,32.7
32,22,2.1
33,22,1.3
34,22,0.2
35,22,0.098
36,22,0.058
37,22,0.0285
38,22,0.0222
39,22,0.015
40,22,6.2e-7
41,22,3.6000000000000005e-7
20,23,0.0793
21,23,0.111
22,23,0.547
23,23,0.4225
24,23,1956
25,23,1380110.4
26,23,28512000
27,23,6.627096e+24
28,23,STABLE
29,23,224.57999999999998
30,23,92.58
31,23,49.8
32,23,6.54
33,23,0.216
34,23,0.34700000000000003
35,23,0.19
36,23,0.092
37,23,0.04
38,23,0.048299999999999996
39,23,0.0335
40,23,0.019600000000000003
41,23,0.015
42,23,3.6000000000000005e-7
43,23,3.6000000000000005e-7
18,24,0.013300000000000001
19,24,0.0212
20,24,0.0428
21,24,0.0609
22,24,0.26
23,24,0.5
24,24,77616
25,24,2538
26,24,4.102488e+25
27,24,2393496
28,24,STABLE
29,24,STABLE
30,24,STABLE
31,24,209.82
32,24,356.40000000000003
33,24,21.1
34,24,7
35,24,1.05
36,24,0.492
37,24,0.234
38,24,0.2
39,24,0.129
40,24,0.0429
41,24,0.028
42,24,0.023
44,24,6.000000000000001e-8
21,25,0.0362
22,25,0.088
23,25,0.1581
24,25,0.382
25,25,0.28319
26,25,2772
27,25,483062.4
28,25,118025424000000
29,25,26974080
30,25,STABLE
31,25,9284.039999999999
32,25,85.4
33,25,3
34,25,4.59
35,25,0.28
36,25,0.709
37,25,0.092
38,25,0.276
39,25,0.09
40,25,0.09190000000000001
41,25,0.065
42,25,0.047
43,25,0.028
44,25,0.016
45,25,3.6000000000000005e-7
46,25,6.37e-7
19,26,0.0024500000000000004
20,26,0.013000000000000001
21,26,0.0219
22,26,0.0453
23,26,0.06470000000000001
24,26,0.155
25,26,0.305
26,26,29790
27,26,510.59999999999997
28,26,STABLE
29,26,86594054.4
30,26,STABLE
31,26,STABLE
32,26,STABLE
33,26,3844368
34,26,82680912000000
35,26,358.8
36,26,68
37,26,6.1
38,26,2
39,26,0.81
40,26,0.35100000000000003
41,26,0.395
42,26,0.188
43,26,0.162
44,26,0.063
45,26,0.035
46,26,0.019
47,26,6.33e-7
48,26,6.380000000000001e-7
23,27,0.0388
24,27,2.0000000000000002e-7
25,27,0.10400000000000001
26,27,0.24
27,27,0.193
28,27,63108.00000000001
29,27,6673190.4
30,27,23478336
31,27,6122304
32,27,STABLE
33,27,166344192
34,27,5936.4
35,27,90
36,27,27.4
37,27,0.3
38,27,1.16
39,27,0.209
40,27,0.329
41,27,0.099
42,27,0.18
43,27,0.014
44,27,0.08
45,27,0.0573
46,27,0.0405
47,27,0.0314
48,27,0.0265
49,27,0.0217
50,27,0.013000000000000001
20,28,0.0021000000000000003
21,28,0.0075
22,28,0.0185
23,28,0.0238
24,28,0.040799999999999996
25,28,0.055200000000000006
26,28,0.11420000000000001
27,28,0.2047
28,28,524880
29,28,128160
30,28,STABLE
31,28,2398377600000
32,28,STABLE
33,28,STABLE
34,28,STABLE
35,28,3193629120
36,28,STABLE
37,28,9063
38,28,196560
39,28,21
40,28,29
41,28,11.4
42,28,6
43,28,2.56
44,28,1.587
45,28,0.842
46,28,0.5077
47,28,0.33180000000000004
48,28,0.2347
49,28,0.1584
50,28,0.1222
51,28,0.043000000000000003
52,28,0.024
26,29,0.027
27,29,0.093
28,29,0.1963
29,29,3.204
30,29,81.5
31,29,1422
32,29,12020.4
33,29,580.38
34,29,STABLE
35,29,45723.6
36,29,STABLE
37,29,307.2
38,29,222588
39,29,30.9
40,29,171
41,29,44.5
42,29,19.4
43,29,6.63
44,29,4.2
45,29,1.594
46,29,1.224
47,29,0.638
48,29,0.4681
49,29,0.335
50,29,0.241
51,29,0.17
52,29,6.32e-7
53,29,6.36e-7
24,30,0.00159
25,30,0.0198
26,30,0.03
27,30,0.038
28,30,0.08600000000000001
29,30,0.182
30,30,142.79999999999998
31,30,89.1
32,30,33069.6
33,30,2308.2
34,30,2.209032e+28
35,30,21075552
36,30,STABLE
37,30,STABLE
38,30,STABLE
39,30,3384
40,30,7.258248e+24
41,30,147
42,30,167400
43,30,23.5
44,30,95.6
45,30,10.2
46,30,5.7
47,30,2.08
48,30,1.47
49,30,0.746
50,30,0.5619
51,30,0.3035
52,30,0.228
53,30,0.117
54,30,6.33e-7
55,30,6.37e-7
29,31,0.07
30,31,0.167
31,31,0.116121
32,31,32.4
33,31,157.61999999999998
34,31,912
35,31,34164
36,31,281810.88
37,31,4062.5999999999995
38,31,STABLE
39,31,1268.4
40,31,STABLE
41,31,50760
42,31,17496
43,31,487.19999999999993
44,31,126
45,31,32.6
46,31,13.2
47,31,5.09
48,31,2.847
49,31,1.9
50,31,1.217
51,31,0.599
52,31,0.30810000000000004
53,31,0.085
54,31,0.092
55,31,0.043000000000000003
56,31,6.340000000000001e-7
27,32,3.6000000000000005e-7
28,32,1.1e-7
29,32,0.044
30,32,0.129
31,32,0.15
32,32,63.7
33,32,30.9
34,32,8135.999999999999
35,32,1134
36,32,23408352
37,32,140580
38,32,STABLE
39,32,987552
40,32,STABLE
41,32,STABLE
42,32,STABLE
43,32,4966.8
44,32,STABLE
45,32,40680
46,32,5280
47,32,18.98
48,32,29.5
49,32,7.6
50,32,4.56
51,32,1.85
52,32,0.954
53,32,0.503
54,32,0.226
55,32,0.14
56,32,3.0000000000000004e-7
57,32,3.0000000000000004e-7
58,32,6.350000000000001e-7
31,33,0.018000000000000002
32,33,0.128
33,33,0.09577
34,33,42.5
35,33,151.6
36,33,912
37,33,3156
38,33,235080
39,33,93600
40,33,6937920
41,33,1535328
42,33,STABLE
43,33,94538.88
44,33,139788
45,33,5442
46,33,540.6
47,33,15.2
48,33,33.3
49,33,19.1
50,33,13.4
51,33,4.02
52,33,2.021
53,33,0.945
54,33,0.484
55,33,0.2
56,33,3.0000000000000004e-7
57,33,3.0000000000000004e-7
58,33,1.5000000000000002e-7
30,34,1.8000000000000002e-7
31,34,0.033
32,34,0.042
33,34,0.136
34,34,35.5
35,34,27.4
36,34,2466
37,34,284.40000000000003
38,34,725760
39,34,25740
40,34,STABLE
41,34,10348992
42,34,STABLE
43,34,STABLE
44,34,STABLE
45,34,10287777600000
46,34,STABLE
47,34,1107
48,34,STABLE
49,34,1335
50,34,195.6
51,34,32.9
52,34,14.3
53,34,5.5
54,34,1.53
55,34,0.43
56,34,0.195
57,34,0.27
60,34,1.5000000000000002e-7
61,34,3.92e-7
35,35,0.07909999999999999
36,35,21.4
37,35,78.6
38,35,204
39,35,1524
40,35,5802
41,35,58320
42,35,205329.6
43,35,387
44,35,STABLE
45,35,1060.8
46,35,STABLE
47,35,127015.19999999998
48,35,8546.4
49,35,1905.6000000000001
50,35,174
51,35,55.1
52,35,55.65
53,35,16.34
54,35,4.357
55,35,1.92
56,35,0.543
57,35,0.314
58,35,0.10200000000000001
59,35,0.07
60,35,1.5000000000000002e-7
61,35,1.5000000000000002e-7
62,35,3.0000000000000004e-7
63,35,6.340000000000001e-7
33,36,0.028
34,36,0.04
35,36,0.1
36,36,17.1
37,36,27.3
38,36,690
39,36,276
40,36,53280
41,36,4464
42,36,4.73364e+28
43,36,126144
44,36,STABLE
45,36,7226690400000
46,36,STABLE
47,36,STABLE
48,36,STABLE
49,36,338897066.40000004
50,36,STABLE
51,36,4578
52,36,10170
53,36,189
54,36,32.32
55,36,8.57
56,36,1.84
57,36,1.286
58,36,0.212
59,36,0.114
60,36,0.08
61,36,0.063
62,36,0.046
63,36,0.013000000000000001
64,36,0.007
65,36,6.350000000000001e-7
37,37,0.06490000000000001
38,37,19
39,37,36.5
40,37,226.2
41,37,1059.6
42,37,1374
43,37,33.4
44,37,16459.2
45,37,75.45
46,37,7447680
47,37,2835648
48,37,STABLE
49,37,1610668.8
50,37,1568412720000000000
51,37,1066.3799999999999
52,37,919.2
53,37,158
54,37,58.2
55,37,4.492
56,37,5.84
57,37,2.702
58,37,0.3777
59,37,0.203
60,37,0.1691
61,37,0.10200000000000001
62,37,0.054
63,37,0.051000000000000004
64,37,0.032
65,37,0.037
66,37,0.023
35,38,0.025
36,38,0.027
37,38,0.088
38,38,7.89
39,38,9
40,38,160
41,38,135
42,38,6378
43,38,1338
44,38,2189376
45,38,116675.99999999999
46,38,STABLE
47,38,5602953.600000001
48,38,STABLE
49,38,STABLE
50,38,STABLE
51,38,4368643.2
52,38,912014640
53,38,34740
54,38,9576
55,38,445.79999999999995
56,38,75.3
57,38,23.9
58,38,1.07
59,38,0.429
60,38,0.653
61,38,0.269
62,38,0.202
63,38,0.11800000000000001
64,38,0.069
65,38,0.053
66,38,0.053
67,38,0.039
68,38,0.02
69,38,3.9500000000000003e-7
37,39,2.0000000000000002e-7
38,39,0.057
39,39,0.053
40,39,14.8
41,39,30.1
42,39,70.4
43,39,8.3
44,39,424.8
45,39,2370
46,39,9648
47,39,53064
48,39,287280
49,39,9212486.4
50,39,STABLE
51,39,230590.8
52,39,5055264
53,39,12744
54,39,36648
55,39,1122
56,39,618
57,39,5.34
58,39,3.75
59,39,0.548
60,39,1.484
61,39,0.735
62,39,0.45
63,39,0.36
64,39,0.23
65,39,0.197
66,39,0.095
67,39,0.079
68,39,0.0035
69,39,0.03
70,39,0.025
38,40,1.7000000000000001e-7
39,40,0.056
40,40,4.6
41,40,5.5
42,40,32
43,40,42
44,40,1548
45,40,471.6
46,40,59400
47,40,6048
48,40,7205760.000000001
49,40,282276
50,40,STABLE
51,40,STABLE
52,40,STABLE
53,40,50807736000000
54,40,STABLE
55,40,5532364.8
56,40,7.416036e+26
57,40,60296.399999999994
58,40,30.7
59,40,2.1
60,40,7.1
61,40,2.3
62,40,2.9
63,40,1.32
64,40,0.87
65,40,0.67
66,40,0.18
67,40,0.146
68,40,0.07740000000000001
69,40,0.056
70,40,0.0375
71,40,0.024
72,40,0.03
41,41,0.05
42,41,3.9
43,41,9.8
44,41,20.5
45,41,88
46,41,222
47,41,873
48,41,7307.999999999999
49,41,52560
50,41,21459168000
51,41,1095048720000000
52,41,STABLE
53,41,640619280000
54,41,3023222.4
55,41,84060
56,41,4326
57,41,2.86
58,41,15
59,41,1.5
60,41,7.1
61,41,4.3
62,41,1.5
63,41,4.9
64,41,2.95
65,41,1.02
66,41,0.3
67,41,0.198
68,41,0.106
69,41,0.08600000000000001
70,41,0.051000000000000004
71,41,0.033
72,41,0.032
73,41,0.017
74,41,0.023
39,42,4.5000000000000003e-7
40,42,4.37e-7
41,42,0.006
42,42,2.3
43,42,3.2
44,42,19.1
45,42,14.02
46,42,480
47,42,126.6
48,42,20016
49,42,929.4
50,42,STABLE
51,42,126230400000
52,42,STABLE
53,42,STABLE
54,42,STABLE
55,42,STABLE
56,42,STABLE
57,42,237513.6
58,42,2.3037048e+26
59,42,876.5999999999999
60,42,678
61,42,67.5
62,42,60
63,42,35.6
64,42,8.73
65,42,3.5
66,42,1.09
67,42,0.66
68,42,0.296
69,42,0.186
70,42,0.12
71,42,0.08
72,42,0.058
73,42,0.0455
74,42,0.032
75,42,0.022
76,42,0.019
42,43,0.5
43,43,0.055
44,43,2.2
45,43,6.4
46,43,12.8
47,43,8.7
48,43,188.4
49,43,255
50,43,9900
51,43,17580
52,43,72000
53,43,369792
54,43,132857496000000
55,43,132541920000000
56,43,6661809360000
57,43,15.46
58,43,841.1999999999999
59,43,5.28
60,43,54.2
61,43,1098
62,43,456
63,43,35.6
64,43,21.2
65,43,5.17
66,43,0.86
67,43,0.92
68,43,0.35000000000000003
69,43,0.271
70,43,0.152
71,43,0.1
72,43,0.078
73,43,0.057
74,43,0.0445
75,43,0.03
76,43,0.022
77,43,0.021
78,43,0.022
41,44,4.5000000000000003e-7
42,44,4.3800000000000003e-7
43,44,0.0000015
44,44,1.2
45,44,1.5
46,44,11.7
47,44,8
48,44,219
49,44,59.7
50,44,3108
51,44,5914.8
52,44,STABLE
53,44,244512
54,44,STABLE
55,44,STABLE
56,44,STABLE
57,44,STABLE
58,44,STABLE
59,44,3390940.8
60,44,STABLE
61,44,15984.000000000002
62,44,32123520
63,44,225
64,44,273
65,44,34.5
66,44,11.6
67,44,2.12
68,44,1.75
69,44,0.8
70,44,0.52
71,44,0.318
72,44,0.20400000000000001
73,44,0.151
74,44,0.123
75,44,0.0695
76,44,0.045
77,44,0.029
78,44,0.025
79,44,0.019
80,44,0.015
44,45,0.0000015
45,45,0.012
46,45,1.47
47,45,5.7
48,45,12.2
49,45,66
50,45,301.2
51,45,594
52,45,1842
53,45,523.2
54,45,1391040.0000000002
55,45,74880
56,45,104140080
57,45,17910720
58,45,STABLE
59,45,42.3
60,45,127296
61,45,30.07
62,45,1302
63,45,16.8
64,45,80
65,45,28.5
66,45,11
67,45,3.6
68,45,2.8
69,45,1.85
70,45,0.99
71,45,0.68
72,45,0.44
73,45,0.266
74,45,0.171
75,45,0.136
76,45,0.151
77,45,3.0000000000000004e-7
78,45,0.042
79,45,0.03
80,45,0.0265
81,45,0.019
82,45,0.02
45,46,0.000001
46,46,0.7
47,46,1
48,46,9.6
49,46,5
50,46,122
51,46,186
52,46,1062
53,46,1284
54,46,313632
55,46,30492.000000000004
56,46,STABLE
57,46,1468022.4
58,46,STABLE
59,46,STABLE
60,46,STABLE
61,46,205124400000000
62,46,STABLE
63,46,49324.32
64,46,STABLE
65,46,1404
66,46,75744
67,46,93
68,46,145.2
69,46,25
70,46,11.8
71,46,4.3
72,46,1.9
73,46,0.92
74,46,0.492
75,46,0.28500000000000003
76,46,0.17500000000000002
77,46,0.108
78,46,0.038
79,46,0.057
80,46,0.048600000000000004
81,46,0.038
82,46,0.035
47,47,0.026000000000000002
48,47,1.75
49,47,4.4
50,47,25.5
51,47,47.5
52,47,124
53,47,120.6
54,47,666
55,47,774
56,47,3942
57,47,4152
58,47,3567456
59,47,1437.6000000000001
60,47,STABLE
61,47,142.92000000000002
62,47,STABLE
63,47,24.6
64,47,643680
65,47,11268
66,47,19332
67,47,4.6
68,47,1200
69,47,237
70,47,72.8
71,47,3.76
72,47,6
73,47,1.23
74,47,0.78
75,47,0.529
76,47,0.3
77,47,0.191
78,47,0.159
79,47,0.052000000000000005
80,47,0.109
81,47,0.058
82,47,0.046
83,47,0.042
84,47,0.035
85,47,0.028
48,48,1.03
49,48,1.1
50,48,9.2
51,48,16
52,48,49.1
53,48,81.60000000000001
54,48,330
55,48,438
56,48,3462
57,48,3330
58,48,1.1360736e+28
59,48,23400
60,48,5.995944e+25
61,48,39864960
62,48,STABLE
63,48,STABLE
64,48,STABLE
65,48,2.524608e+23
66,48,6.627096e+25
67,48,192456
68,48,1.0414008e+27
69,48,8964
70,48,3018
71,48,161.4
72,48,50.8
73,48,13.5
74,48,5.24
75,48,2.1
76,48,1.25
77,48,0.68
78,48,0.515
79,48,0.37
80,48,0.28
81,48,0.154
82,48,0.162
83,48,0.068
84,48,0.097
85,48,0.057
86,48,0.065
49,49,0.032
50,49,3
51,49,5.8
52,49,15.1
53,49,23.3
54,49,65
55,49,108
56,49,304.20000000000005
57,49,372
58,49,1944
59,49,3480
60,49,15001.199999999999
61,49,17640
62,49,242326.08
63,49,892.8000000000001
64,49,STABLE
65,49,71.9
66,49,1.39169016e+22
67,49,14.1
68,49,2592
69,49,5
70,49,144
71,49,3.08
72,49,23.1
73,49,1.5
74,49,6.17
75,49,3.12
76,49,2.36
77,49,1.53
78,49,1.09
79,49,0.84
80,49,0.611
81,49,0.29
82,49,0.28
83,49,0.207
84,49,0.165
85,49,0.14
86,49,0.092
87,49,0.085
88,49,0.065
50,50,1.16
51,50,1.7
52,50,3.8
53,50,7
54,50,20.8
55,50,32.7
56,50,115
57,50,174
58,50,618
59,50,1080
60,50,14796.000000000002
61,50,2118
63,50,9943776
64,50,STABLE
65,50,STABLE
66,50,STABLE
67,50,STABLE
68,50,STABLE
69,50,STABLE
70,50,STABLE
71,50,97308
72,50,STABLE
73,50,11162879.999999998
74,50,3.786912e+28
75,50,832896
76,50,7258248000000
77,50,7560
78,50,3544.2
79,50,133.8
80,50,223.20000000000002
81,50,56
82,50,39.7
83,50,1.46
84,50,1.05
85,50,0.53
86,50,0.29
87,50,0.19
88,50,0.14
89,50,0.13
52,51,0.0000015
53,51,0.44
54,51,1.22
55,51,0.6
56,51,4
57,51,7.4
58,51,17
59,51,23
60,51,75
61,51,53.5
62,51,400.2
63,51,209.4
64,51,1926
65,51,948
66,51,10080
67,51,216
68,51,137484
69,51,953.4000000000001
70,51,STABLE
71,51,235336.32
72,51,STABLE
73,51,5201280
74,51,87053533.05600001
75,51,1067040
76,51,332640
77,51,32580.000000000004
78,51,15717.599999999999
79,51,2370
80,51,1381.8000000000002
81,51,167.4
82,51,140.39999999999998
83,51,0.78
84,51,1.679
85,51,0.923
86,51,0.492
87,51,0.34800000000000003
88,51,0.093
89,51,4.0700000000000003e-7
53,52,6.2e-7
54,52,0.00007
55,52,0.0031000000000000003
56,52,2.1
57,52,4.6
58,52,18.6
59,52,19.3
60,52,120
61,52,102
62,52,912
63,52,348
64,52,8964
65,52,3720
66,52,518400
67,52,57780
68,52,STABLE
69,52,1656288.0000000002
70,52,STABLE
71,52,2.9032992e+24
72,52,STABLE
73,52,STABLE
74,52,STABLE
75,52,33660
76,52,7.6053816000000005e+31
77,52,4194
78,52,9.46728e+31
79,52,1500
80,52,276825.60000000003
81,52,750
82,52,2508
83,52,19
84,52,17.63
85,52,2.49
86,52,1.4
87,52,1.5000000000000002e-7
88,52,3.0000000000000004e-7
89,52,1.5000000000000002e-7
91,52,4.08e-7
55,53,0.036000000000000004
56,53,0.0000935
57,53,0.65
58,53,2.5
59,53,3.34
60,53,6.6
61,53,2.1
62,53,78
63,53,2.91
64,53,133.20000000000002
65,53,822
66,53,1146
67,53,4896
68,53,7632
69,53,217.79999999999998
70,53,47604.6
71,53,360806.4
72,53,5132764.8
73,53,1117152
74,53,STABLE
75,53,1499.3999999999999
76,53,495454320000000
77,53,44496
78,53,693377.28
79,53,8262
80,53,74988
81,53,3150
82,53,23688
83,53,83.4
84,53,24.5
85,53,6.23
86,53,2.28
87,53,0.86
88,53,0.43
89,53,0.222
90,53,0.13
91,53,3.0000000000000004e-7
92,53,4.0700000000000003e-7
55,54,0.013000000000000001
56,54,0.093
57,54,0.81
58,54,2.7
59,54,2.74
60,54,10
61,54,18
62,54,59
63,54,61
64,54,228
65,54,348
66,54,2400
67,54,2406
68,54,72360
69,54,7488
70,54,5.049216e+21
71,54,60839.99999999999
72,54,STABLE
73,54,3140294.4
74,54,STABLE
75,54,STABLE
76,54,STABLE
77,54,STABLE
78,54,STABLE
79,54,453383.99999999994
80,54,1.8303407999999997e+30
81,54,32904
82,54,7.573824e+28
83,54,229.08
84,54,848.4000000000001
85,54,39.68
86,54,13.6
87,54,1.73
88,54,1.23
89,54,0.511
90,54,0.388
91,54,0.188
92,54,0.146
93,54,0.1
94,54,4.08e-7
57,55,0.00049
58,55,0.0000177
59,55,0.57
60,55,1.4
61,55,0.7
62,55,8.4
63,55,14
64,55,43
65,55,61.3
66,55,155
67,55,21.18
68,55,352.8
69,55,30.9
70,55,2802
71,55,98.39999999999999
72,55,22500
73,55,219.60000000000002
74,55,115416.00000000001
75,55,1752.6000000000001
76,55,837129.6
77,55,559872
78,55,STABLE
79,55,65172755.519999996
80,55,72582480000000
81,55,1126656
82,55,949252608
83,55,2004.6
84,55,556.1999999999999
85,55,63.7
86,55,24.84
87,55,1.684
88,55,1.791
89,55,0.994
90,55,0.587
91,55,0.322
92,55,0.23
93,55,0.146
94,55,0.05
95,55,0.05
96,55,0.05
58,56,0.43
59,56,0.45
60,56,1.3
61,56,1.75
62,56,5.5
63,56,5.4
64,56,24
65,56,29.7
66,56,117
67,56,162
68,56,660
69,56,198
70,56,6000
71,56,762
72,56,209952
73,56,8028
74,56,STABLE
75,56,993600
76,56,9.46728e+28
77,56,332964237.6
78,56,STABLE
79,56,STABLE
80,56,STABLE
81,56,STABLE
82,56,STABLE
83,56,4983.6
84,56,1101833.28
85,56,1096.2
86,56,636
87,56,14.5
88,56,11.5
89,56,4.31
90,56,2.22
91,56,0.894
92,56,0.612
93,56,0.344
94,56,0.3
95,56,3.0000000000000004e-7
96,56,4.06e-7
60,57,0.0235
63,57,2.8
64,57,5.3
65,57,8.6
66,57,17
67,57,29.21
68,57,64.8
69,57,54
70,57,306
71,57,310.79999999999995
72,57,696
73,57,522
74,57,3540
75,57,17280
76,57,14083.199999999999
77,57,387
78,57,70200
79,57,592.1999999999999
80,57,1893456000000
81,57,3218875200000000000
82,57,STABLE
83,57,145026.72
84,57,14112
85,57,5466
86,57,852
87,57,40.8
88,57,24.8
89,57,6.27
90,57,4.06
91,57,1.26
92,57,1.05
93,57,0.59
94,57,3.0000000000000004e-7
95,57,1.5000000000000002e-7
96,57,1.0000000000000001e-7
63,58,1.1
65,58,3.8
66,58,6
67,58,9.7
68,58,51
69,58,34
70,58,235.8
71,58,210
72,58,1374
73,58,618
74,58,12636
75,58,5820
76,58,273024
77,58,63720
78,58,2.209032e+21
79,58,32400
80,58,2.840184e+21
81,58,11892182.399999999
82,58,STABLE
83,58,2808950.4000000004
84,58,1.57788e+24
85,58,118940.40000000001
86,58,24616224.000000004
87,58,180.6
88,58,809.4
89,58,56.4
90,58,56.8
91,58,5.3
92,58,4
93,58,1.76
94,58,1.4
95,58,1.0000000000000001e-7
96,58,1.0000000000000001e-7
97,58,3.0000000000000004e-7
62,59,0.01
63,59,0.5
64,59,0.8
65,59,1.2
66,59,3.3
67,59,3.14
68,59,4.2
69,59,2.85
70,59,30
71,59,40
72,59,90.6
73,59,96
74,59,390
75,59,660
76,59,1440
77,59,786
78,59,4608
79,59,87
80,59,15876
81,59,203.4
82,59,STABLE
83,59,68832
84,59,1172448
85,59,1036.8000000000002
86,59,21542.4
87,59,1449
88,59,804
89,59,137.4
90,59,135.6
91,59,6.19
92,59,18.9
93,59,3.57
94,59,4.28
95,59,2.3
96,59,3.0000000000000004e-7
97,59,3.0000000000000004e-7
65,60,0.65
66,60,2.0000000000000002e-7
67,60,1.8
68,60,5
69,60,6.7
70,60,21
71,60,25.4
72,60,94
73,60,70
74,60,510
75,60,744
76,60,3039
77,60,2310
78,60,18144
79,60,1782
80,60,291168
81,60,8964
82,60,STABLE
83,60,STABLE
84,60,7.2266904e+22
85,60,STABLE
86,60,STABLE
87,60,948672
88,60,STABLE
89,60,6220.8
90,60,2.8717416e+26
91,60,746.4
92,60,684
93,60,31.6
94,60,25.9
95,60,8.9
96,60,5.06
97,60,0.1
98,60,1.6e-7
99,60,1.6e-7
100,60,1.6e-7
101,60,1.6e-7
67,61,1
68,61,2.4
69,61,2.6
70,61,6.3
71,61,6.2
72,61,13.5
73,61,5
74,61,49
75,61,107
76,61,144
77,61,10
78,61,249.00000000000003
79,61,9.2
80,61,1254
81,61,40.5
82,61,22896000
83,61,31363200
84,61,558569520
85,61,174513528
86,61,82788207.84
87,61,463795.2
88,61,191088
89,61,9712.8
90,61,102240
91,61,247.20000000000002
92,61,315
93,61,160.8
94,61,41.5
95,61,26.7
96,61,10.56
97,61,4.8
98,61,1.5
99,61,1.6e-7
100,61,1.6e-7
101,61,1.6e-7
102,61,1.6e-7
67,62,0.55
69,62,1.2
70,62,4
71,62,2.89
72,62,9.5
73,62,10.3
74,62,47
75,62,45
76,62,186
77,62,154.2
78,62,889.2
79,62,612
80,62,4349.4
81,62,525
82,62,STABLE
83,62,29376000
84,62,3250432800000000
85,62,3345105600000000000
86,62,2.209032e+23
87,62,STABLE
88,62,STABLE
89,62,2840184000
90,62,STABLE
91,62,166622.4
92,62,STABLE
93,62,1338
94,62,33840
95,62,481.79999999999995
96,62,318
97,62,11.37
98,62,9.6
99,62,4.8
100,62,2.4
101,62,1.6e-7
102,62,1.6e-7
103,62,1.6e-7
67,63,0.0009000000000000001
68,63,0.0178
71,63,0.5
72,63,1.5
73,63,3.3
74,63,11
75,63,12.1
76,63,17.9
77,63,1.51
78,63,40.7
79,63,2.34
80,63,155.39999999999998
81,63,10.2
82,63,512352
83,63,398304
84,63,2082240.0000000002
85,63,4708800
86,63,8043839.999999999
87,63,1164475440
88,63,5.364792e+25
89,63,426564079.2
90,63,STABLE
91,63,271426917.6
92,63,149993272.8
93,63,1312416
94,63,54648
95,63,2754
96,63,1086
97,63,38
98,63,26
99,63,10.6
100,63,7.7
101,63,4.2
102,63,2.3
103,63,1.7
104,63,1.6e-7
105,63,1.6e-7
71,64,1.1
72,64,2.0000000000000002e-7
73,64,2.2
74,64,4.7
75,64,5.8
76,64,15.8
77,64,14
78,64,70.2
79,64,39
80,64,268.2
81,64,1380
82,64,4170528.0000000005
83,64,137016
84,64,2243745360
85,64,801792
86,64,56488104000000
87,64,10704960
88,64,3.4082208e+21
89,64,20770560
90,64,STABLE
91,64,STABLE
92,64,STABLE
93,64,STABLE
94,64,STABLE
95,64,66524.4
96,64,9.782856e+26
97,64,219.60000000000002
98,64,504
99,64,68
100,64,45
101,64,10.3
102,64,4.8
103,64,1.6e-7
104,64,1.6e-7
105,64,1.6e-7
106,64,1.6e-7
70,65,0.00094
73,65,2.0000000000000002e-7
74,65,1.6
75,65,2
76,65,3.5
77,65,0.597
78,65,12
79,65,1
80,65,30.9
81,65,8
82,65,5904
83,65,3600
84,65,14824.800000000001
85,65,12528
86,65,63392.40000000001
87,65,63000
88,65,202176
89,65,77400
90,65,459648
91,65,462239.99999999994
92,65,2240589600
93,65,5680368000
94,65,STABLE
95,65,6246720
96,65,595296
97,65,456
98,65,1170
99,65,180
100,65,126.6
101,65,25.1
102,65,19.4
103,65,8.2
104,65,1.6e-7
105,65,1.6e-7
106,65,1.6e-7
107,65,1.6e-7
73,66,0.6
75,66,0.9
76,66,2.3
77,66,5.6
78,66,9.1
79,66,6
80,66,33.2
81,66,67
82,66,198
83,66,252
84,66,430.2
85,66,1074
86,66,8568
87,66,23040
88,66,94672800000000
89,66,35640
90,66,STABLE
91,66,29304.000000000004
92,66,STABLE
93,66,12476160
94,66,STABLE
95,66,STABLE
96,66,STABLE
97,66,STABLE
98,66,STABLE
99,66,8402.4
100,66,293760
101,66,372
102,66,522
103,66,39
105,66,1.6e-7
106,66,1.6e-7
107,66,1.6e-7
73,67,0.006
74,67,0.0040999999999999995
75,67,0.4
77,67,0.7
78,67,2.4
79,67,3.32
80,67,5.8
81,67,2.2
82,67,21.1
83,67,72
84,67,35.2
85,67,161.8
86,67,120.6
87,67,705.6
88,67,2880
89,67,3360
90,67,756
91,67,678
92,67,1982.9999999999998
93,67,1536
94,67,8928
95,67,900
96,67,144218232000
97,67,1740
98,67,STABLE
99,67,96566.40000000001
100,67,10810.800000000001
101,67,179.4
102,67,283.2
103,67,165.6
104,67,53
105,67,25
106,67,1.6e-7
107,67,1.6e-7
108,67,1.6e-7
109,67,1.6e-7
76,68,2.0000000000000002e-7
77,68,1
78,68,1.7
79,68,2.5
80,68,4.6
81,68,4
82,68,18.5
83,68,23.5
84,68,10.3
85,68,37.1
86,68,223.8
87,68,318
88,68,1170
89,68,1119
90,68,8244
91,68,2160
92,68,102888
93,68,11556
94,68,STABLE
95,68,4500
96,68,STABLE
97,68,37296
98,68,STABLE
99,68,STABLE
100,68,STABLE
101,68,811468.7999999999
102,68,STABLE
103,68,27057.6
104,68,177480
105,68,84
106,68,192
107,68,72
108,68,1.6e-7
109,68,1.6e-7
110,68,1.6e-7
75,69,0.0000018999999999999998
76,69,0.0000031699999999999997
77,69,0.068
78,69,0.58
79,69,0.7
80,69,0.9
81,69,2.2
82,69,4.17
83,69,8
84,69,1.48
85,69,8.1
86,69,21.6
87,69,83.8
88,69,217.79999999999998
89,69,238.8
90,69,547.8000000000001
91,69,564
92,69,1812
93,69,1302
94,69,6516
95,69,120
96,69,108216
97,69,27720
98,69,799200
99,69,8043839.999999999
100,69,STABLE
101,69,11111040
102,69,60590592
103,69,228960
104,69,29664
105,69,324
106,69,912
107,69,114
108,69,90
109,69,3.0000000000000004e-7
110,69,1.6e-7
111,69,1.6e-7
112,69,1.6e-7
79,70,0.7
80,70,2.0000000000000002e-7
81,70,1.6
82,70,3.03
83,70,4.2
84,70,0.409
85,70,1.793
86,70,26.1
87,70,38.6
88,70,89.4
89,70,100.19999999999999
90,70,288
91,70,252
92,70,1132.2
93,70,663
94,70,4548
95,70,594
96,70,204120
97,70,1050
98,70,STABLE
99,70,2766355.2
100,70,STABLE
101,70,STABLE
102,70,STABLE
103,70,STABLE
104,70,STABLE
105,70,361583.99999999994
106,70,STABLE
107,70,6879.6
108,70,4440
109,70,480
110,70,144
111,70,1.6e-7
112,70,1.6e-7
113,70,2.22e-7
114,70,1.6e-7
115,70,1.6e-7
79,71,0.045
80,71,0.08059999999999999
81,71,0.7
82,71,0.9
83,71,1.12
84,71,0.068
85,71,0.494
86,71,6.8
87,71,10.6
88,71,12.1
89,71,36.1
90,71,77
91,71,82.2
92,71,238.20000000000002
93,71,188.4
94,71,644.4
95,71,159
96,71,3090
97,71,330
98,71,122616.00000000001
99,71,173836.8
100,71,711936
101,71,578880
102,71,43233912
103,71,104455656
104,71,STABLE
105,71,1186565760000000000
106,71,574300.8
107,71,1704
108,71,16524
109,71,342
110,71,210
111,71,120
112,71,58
113,71,19
114,71,1.6e-7
115,71,1.6e-7
116,71,1.6e-7
117,71,1.6e-7
81,72,6.000000000000001e-8
82,72,2
83,72,0.84
84,72,0.023
85,72,0.115
86,72,2.85
87,72,5.6
88,72,13.6
89,72,18.4
90,72,39.4
91,72,40
92,72,111
93,72,76
94,72,406.2
95,72,122.99999999999999
96,72,1557
97,72,194.4
98,72,57636.00000000001
99,72,43560
100,72,59012712
101,72,84960
102,72,6.31152e+22
103,72,6048000
104,72,STABLE
105,72,STABLE
106,72,STABLE
107,72,STABLE
108,72,STABLE
109,72,3662496
110,72,280862640000000
111,72,3664.8
112,72,14832
113,72,210
114,72,156
115,72,2.7e-7
118,72,1.6e-7
82,73,0.0029
83,73,0.14400000000000002
84,73,0.0101
85,73,0.055
86,73,0.83
87,73,1.55
89,73,3.57
90,73,10.6
91,73,14.2
92,73,31
93,73,34.4
94,73,80
95,73,120
96,73,294
97,73,405.59999999999997
98,73,1398
99,73,2208
100,73,11304
101,73,4104
102,73,37800
103,73,29124
104,73,203616
105,73,558.6
106,73,57434832
107,73,29354.4
108,73,STABLE
109,73,9913536
110,73,440639.99999999994
111,73,31319.999999999996
112,73,2964
113,73,630
114,73,138
115,73,19.6
116,73,3.0000000000000004e-7
117,73,5.3
118,73,3.0000000000000004e-7
119,73,2.2
120,73,1.6e-7
121,73,1.6e-7
83,74,0.275
84,74,0.00125
85,74,0.0073
86,74,0.091
87,74,0.40900000000000003
88,74,1.36
89,74,2.67
90,74,6.3
91,74,5.1
92,74,19.2
93,74,19.9
94,74,50.9
95,74,74
96,74,145.2
97,74,142.79999999999998
98,74,396
99,74,456
100,74,1992.0000000000002
101,74,2112
102,74,9000
103,74,7920
104,74,1866240.0000000002
105,74,2223
106,74,2.0828016e+25
107,74,10471680
108,74,STABLE
109,74,2.1143592e+28
110,74,STABLE
111,74,6488639.999999999
112,74,7.258248e+26
113,74,86400
114,74,6028992
115,74,642
116,74,1800
117,74,3.0000000000000004e-7
119,74,3.0000000000000004e-7
120,74,3.0000000000000004e-7
121,74,1.6e-7
122,74,1.6e-7
123,74,1.6e-7
85,75,0.00082
86,75,0.00044
87,75,0.107
88,75,0.39
89,75,0.85
90,75,1.6
91,75,2.25
92,75,5.9
93,75,4.4
94,75,8.1
95,75,9.2
96,75,15.2
97,75,55
98,75,118.8
99,75,144
100,75,353.4
101,75,318
102,75,840
103,75,792
104,75,1170
105,75,147.6
106,75,71640
107,75,231120
108,75,6048000
109,75,3058560
110,75,STABLE
111,75,321287.04
112,75,1366444080000000000
113,75,61210.8
114,75,87480
115,75,186
116,75,588
117,75,16
119,75,5
120,75,6
121,75,3
122,75,1.6e-7
123,75,1.6e-7
124,75,1.6e-7
85,76,0.0006399999999999999
86,76,0.0021000000000000003
87,76,0.0055
88,76,0.021
89,76,0.07100000000000001
90,76,0.20800000000000002
91,76,0.81
92,76,2.1
93,76,3.43
94,76,7.37
95,76,8.3
96,76,19.2
97,76,22.4
98,76,44
99,76,84
100,76,216
101,76,180
102,76,300
103,76,390
104,76,1290
105,76,6300
106,76,78624
107,76,46800
108,76,1.7672256e+21
109,76,8087039.999999999
110,76,6.31152e+22
111,76,STABLE
112,76,STABLE
113,76,STABLE
114,76,STABLE
115,76,1330560
116,76,STABLE
117,76,108396
118,76,189345600
119,76,540
120,76,2094
121,76,168
123,76,5
124,76,6
125,76,1.6e-7
126,76,1.6e-7
127,76,1.6e-7
87,77,0.00007
89,77,0.0105
90,77,0.03
91,77,0.222
92,77,0.57
93,77,0.87
94,77,3.2
95,77,4.4
96,77,9
97,77,7.9
98,77,9
99,77,8.6
100,77,30
101,77,12
102,77,79
103,77,90
104,77,294
105,77,900
106,77,3480
107,77,11124
108,77,51840
109,77,59904
110,77,37800
111,77,149400
112,77,1140480
113,77,1017792
114,77,STABLE
115,77,6378825.6
116,77,STABLE
117,77,69408
118,77,8244
119,77,52
120,77,348
121,77,8
122,77,6
123,77,3.0000000000000004e-7
124,77,3.0000000000000004e-7
125,77,11
126,77,1.6e-7
127,77,1.6e-7
128,77,1.6e-7
88,78,0.0003
89,78,0.0007800000000000001
90,78,0.00202
91,78,0.0069900000000000006
92,78,0.013800000000000002
93,78,0.0455
94,78,0.09759999999999999
95,78,0.382
96,78,0.889
97,78,2.53
98,78,6.33
99,78,10.6
100,78,20.7
101,78,21.2
102,78,56
103,78,52
104,78,160.2
105,78,43
106,78,1038
107,78,4254
108,78,7488
109,78,8460
110,78,881279.9999999999
111,78,39132
112,78,20512440000000000000
113,78,244512
114,78,STABLE
115,78,1577880000
116,78,STABLE
117,78,STABLE
118,78,STABLE
119,78,71609.40000000001
120,78,STABLE
121,78,1848
122,78,45360
123,78,150
124,78,158400
125,78,10
126,78,10.3
127,78,3.0000000000000004e-7
128,78,1.6e-7
129,78,1.6e-7
130,78,1.6e-7
91,79,0.000286
92,79,0.000017
93,79,0.022
94,79,0.0263
95,79,0.139
97,79,1.05
98,79,1.53
99,79,2.6
100,79,7.1
101,79,8.4
102,79,13.7
103,79,15.5
104,79,42.8
105,79,20.6
106,79,255
107,79,642
108,79,504
109,79,530.4
110,79,1722
111,79,2568
112,79,11448
113,79,17784
114,79,63539.99999999999
115,79,136872
116,79,16071264
117,79,532820.16
118,79,STABLE
119,79,232770.24000000002
120,79,271209.6
121,79,2904
122,79,1560
123,79,28.4
124,79,60
125,79,39.8
126,79,32.5
127,79,40
128,79,3.0000000000000004e-7
129,79,3.0000000000000004e-7
130,79,3.0000000000000004e-7
131,79,3.0000000000000004e-7
91,80,0.000059
92,80,0.00023099999999999998
93,80,0.0008
94,80,0.0021000000000000003
95,80,0.0106
96,80,0.020300000000000002
97,80,0.11800000000000001
98,80,0.2665
99,80,1.05
100,80,2.59
101,80,3.6
102,80,10.83
103,80,9.4
104,80,30.87
105,80,49.1
106,80,82.8
107,80,114
108,80,195
109,80,456
110,80,1200
111,80,2940
112,80,17460
113,80,13680
114,80,14011574400
115,80,37908
116,80,STABLE
117,80,230904
118,80,STABLE
119,80,STABLE
120,80,STABLE
121,80,STABLE
122,80,STABLE
123,80,4025721.6
124,80,STABLE
125,80,308.4
126,80,499.20000000000005
127,80,174
128,80,2460
129,80,36
130,80,3.0000000000000004e-7
131,80,3.0000000000000004e-7
132,80,3.0000000000000004e-7
133,80,3.0000000000000004e-7
134,80,3.0000000000000004e-7
135,80,3.0000000000000004e-7
136,80,3.0000000000000004e-7
95,81,0.005200000000000001
96,81,0.018000000000000002
97,81,0.254
98,81,0.23
99,81,1.09
100,81,3.2
101,81,3.1
102,81,6.9
103,81,10.1
104,81,19.5
105,81,27.5
106,81,51
107,81,71
108,81,138
109,81,156
110,81,313.2
111,81,576
112,81,1296
113,81,1980
114,81,4176
115,81,6624
116,81,10224
117,81,19080
118,81,26712
119,81,93960
120,81,262837.44
121,81,1063584
122,81,STABLE
123,81,119382400.8
124,81,STABLE
125,81,252.12
126,81,286.2
127,81,183.18
128,81,129.72
129,81,78
130,81,88
131,81,3.0000000000000004e-7
132,81,101
133,81,3.0000000000000004e-7
134,81,3.0000000000000004e-7
135,81,3.0000000000000004e-7
136,81,3.0000000000000004e-7
96,82,0.00012
97,82,0.0035
98,82,0.0040999999999999995
99,82,0.036000000000000004
100,82,0.055
101,82,0.535
102,82,0.49
103,82,6.3
104,82,4.82
105,82,15.2
106,82,25.1
107,82,39
108,82,71
109,82,79.80000000000001
110,82,210
111,82,348
112,82,642
113,82,900
114,82,2220
115,82,486
116,82,8640
117,82,5400
118,82,77400
119,82,33588
120,82,1656774000000
121,82,186912
122,82,4.418064e+24
123,82,545946480000000
124,82,STABLE
125,82,STABLE
126,82,STABLE
127,82,11642.4
128,82,700578720
129,82,2166
130,82,38304
131,82,612
132,82,1623.6
133,82,147
134,82,3.0000000000000004e-7
135,82,3.0000000000000004e-7
136,82,3.0000000000000004e-7
137,82,3.0000000000000004e-7
138,82,3.0000000000000004e-7
101,83,0.013000000000000001
102,83,0.000058
103,83,0.0148
104,83,0.037
105,83,0.265
106,83,0.674
107,83,6.3
108,83,12.4
109,83,34.6
110,83,63.6
111,83,95
112,83,183
113,83,308
114,83,559.8
115,83,618
116,83,1620
117,83,2184
118,83,6180
119,83,6156
120,83,42336
121,83,40392
122,83,1322784
123,83,539395.2000000001
124,83,995642280
125,83,11613196800000
126,83,6.3430776e+26
127,83,433036.8
128,83,128.4
129,83,3633
130,83,2736.6
131,83,1194
132,83,456
133,83,135
134,83,98.5
135,83,33
136,83,22
137,83,3.0000000000000004e-7
138,83,3.0000000000000004e-7
139,83,3.0000000000000004e-7
140,83,3.0000000000000004e-7
141,83,3.0000000000000004e-7
102,84,0.000028
103,84,0.0014
104,84,0.000275
105,84,0.0035
106,84,0.00246
107,84,0.022
108,84,0.032200000000000006
109,84,0.245
110,84,0.392
111,84,4.64
112,84,5.8
113,84,84
114,84,105.6
115,84,328.2
116,84,690.6
117,84,936
118,84,2676
119,84,2202
120,84,12668.4
121,84,6264
122,84,760320.0000000001
123,84,20880
124,84,91453924.8
125,84,3913142400
126,84,11955686.4
127,84,0.516
128,84,2.9899999999999996e-7
129,84,0.00000372
130,84,0.0001636
131,84,0.001781
132,84,0.145
133,84,1.53
134,84,185.88
135,84,620
136,84,3.0000000000000004e-7
137,84,112
138,84,550
139,84,3.0000000000000004e-7
140,84,3.0000000000000004e-7
141,84,3.0000000000000004e-7
142,84,3.0000000000000004e-7
143,84,3.0000000000000004e-7
106,85,0.0017
107,85,0.0115
108,85,0.028
109,85,0.31
110,85,0.29
111,85,0.388
112,85,0.388
113,85,4.2
114,85,6.92
115,85,43
116,85,85.2
117,85,184
118,85,444
119,85,547.1999999999999
120,85,1614
121,85,1836
122,85,6516
123,85,5868
124,85,19512
125,85,29160
126,85,25970.4
127,85,0.314
128,85,1.2500000000000002e-7
129,85,5.58e-7
130,85,0.0001
131,85,0.0003
132,85,0.032299999999999995
133,85,1.5
134,85,56
135,85,222.6
136,85,138
137,85,54
138,85,50
139,85,78
140,85,3.0000000000000004e-7
141,85,3.0000000000000004e-7
142,85,3.0000000000000004e-7
143,85,3.0000000000000004e-7
144,85,3.0000000000000004e-7
107,86,0.00115
108,86,0.0007800000000000001
109,86,0.006
110,86,0.0044
111,86,0.054
112,86,0.065
113,86,0.59
114,86,1.03
115,86,7
116,86,9.7
117,86,44
118,86,74.5
119,86,170
120,86,340.2
121,86,555
122,86,1461
123,86,1728
124,86,8640
125,86,52560
126,86,1434
127,86,0.0195
128,86,2.7e-7
129,86,0.0000022999999999999996
130,86,0.000044999999999999996
131,86,0.00054
132,86,0.035
133,86,3.96
134,86,55.6
135,86,1500
136,86,330350.4
137,86,1458
138,86,6420
139,86,279.6
140,86,444
141,86,20.2
142,86,65
143,86,12
144,86,3.0000000000000004e-7
145,86,3.0000000000000004e-7
110,87,0.0006
111,87,0.015
112,87,0.0045000000000000005
113,87,0.049
114,87,0.062
115,87,0.372
116,87,0.55
117,87,1.8
118,87,3.97
119,87,16
120,87,14.8
121,87,59.1
122,87,50.5
123,87,190.8
124,87,186
125,87,1200
126,87,34.82
127,87,0.005
128,87,8.6e-8
129,87,7.000000000000001e-7
130,87,0.000018999999999999998
131,87,0.001
132,87,0.02
133,87,27.4
134,87,286.1
135,87,852
136,87,1320
137,87,199.8
138,87,237
139,87,49
140,87,148.20000000000002
141,87,38
142,87,50.2
143,87,19.1
144,87,17.6
145,87,5.5
146,87,0.9
113,88,0.0016
114,88,0.0038
115,88,0.031
116,88,0.057
117,88,0.21
118,88,0.24
119,88,1.35
120,88,1.3
121,88,4.6
122,88,3.7
123,88,13
124,88,13
125,88,0.0027300000000000002
126,88,2.46
127,88,0.00166
128,88,1.8200000000000002e-7
129,88,0.0000016
130,88,0.0000252
131,88,0.01
132,88,0.018000000000000002
133,88,28
134,88,38
135,88,987552
136,88,313796.16
137,88,1287360
138,88,50492160000
139,88,2532
140,88,181456200
141,88,240
142,88,5580
143,88,104
144,88,252
145,88,30
146,88,30
116,89,0.02
117,89,0.022
118,89,0.027
119,89,0.095
120,89,0.087
121,89,0.35
122,89,0.21
123,89,0.93
124,89,0.738
125,89,8.2
126,89,0.17
127,89,0.00043999999999999996
128,89,6.900000000000001e-8
129,89,0.00000108
130,89,0.0000118
131,89,0.0264
132,89,0.052000000000000005
133,89,5
134,89,126
135,89,10008
136,89,857088
137,89,105732
138,89,687072067.1999999
139,89,22140
140,89,3762
141,89,122
142,89,450
143,89,119
144,89,145
145,89,44
146,89,62
147,89,72
118,90,0.0017
119,90,0.0025
120,90,0.016
121,90,0.037
122,90,0.0317
123,90,0.14400000000000002
124,90,0.08700000000000001
125,90,1.2
126,90,0.026000000000000002
127,90,0.000241
128,90,1.17e-7
129,90,0.00000105
130,90,0.000009699999999999999
131,90,0.00168
132,90,0.0028
133,90,0.6
134,90,1.04
135,90,525
136,90,1834.2
137,90,1615420.7999999998
138,90,60353910
139,90,250314883200
140,90,2379443040000
141,90,91872
142,90,441806400000000000
143,90,1309.8
144,90,2082240.0000000002
145,90,426
146,90,2238
147,90,282
148,90,564
120,91,3.0000000000000004e-7
121,91,0.0050999999999999995
122,91,0.0053
123,91,0.017
124,91,0.014
125,91,0.15
126,91,0.0036000000000000003
127,91,0.000113
128,91,5.3000000000000005e-8
129,91,7.799999999999999e-7
130,91,0.0000059
131,91,0.0029
132,91,0.0050999999999999995
133,91,0.846
134,91,1.7
135,91,108
136,91,2298
137,91,79200
138,91,129600
139,91,1503359.9999999998
140,91,1033826976000
141,91,114048
142,91,2330640
143,91,24120
144,91,1464
145,91,546
146,91,522
147,91,136.79999999999998
148,91,6480
124,92,0.0045000000000000005
125,92,0.016
126,92,0.00051
127,92,0.000042
129,92,6.6e-7
130,92,0.0000047
131,92,0.000018
132,92,0.00084
133,92,0.095
134,92,0.268
135,92,66
136,92,546
137,92,3480
138,92,1797120
139,92,362880
140,92,2174318640
141,92,5023969920000
142,92,7747390800000
143,92,22216550400000000
144,92,739078992000000
145,92,583200
146,92,140999356800000000
147,92,1407
148,92,50760
150,92,1008
132,93,0.0036000000000000003
133,93,0.035
134,93,0.51
135,93,61.4
136,93,240
137,93,276
138,93,2928
139,93,882
140,93,2172
141,93,380160.00000000006
142,93,34223040
143,93,4828312800000
144,93,67659494400000
145,93,182908.8
146,93,203558.4
147,93,3714
148,93,834
149,93,132
150,93,111
151,93,137.4
134,94,1.1
135,94,67
136,94,102
137,94,516
138,94,2027.9999999999998
139,94,1254
140,94,31680.000000000004
141,94,1518
142,94,90191620.8
143,94,3943296
144,94,2767601520
145,94,760853736000
146,94,207049413600
147,94,452188850.40000004
148,94,11834100000000
149,94,17841.600000000002
150,94,2524608000000000
151,94,37800
152,94,936576
153,94,196128
135,95,17
137,95,79
138,95,192
139,95,139.2
140,95,618
141,95,216
142,95,4416
143,95,5880
144,95,42840
145,95,182880
146,95,13651817760
147,95,57672
148,95,232390166400
149,95,36360
150,95,7379.999999999999
151,95,2340
152,95,1380
153,95,600
137,96,23
138,96,51
142,96,7920.000000000001
143,96,9720
144,96,2332800
145,96,2833919.9999999995
146,96,14065920.000000002
147,96,918326160
148,96,571192560
149,96,265809664800
150,96,148510065600
151,96,492298560000000
152,96,10982044800000
153,96,3849.0000000000005
154,96,261928080000
155,96,1008
137,97,140
140,97,60
141,97,144
143,97,288
144,97,276
145,97,420
146,97,16200
147,97,15659.999999999998
148,97,427680
149,97,155520
150,97,43549488000
151,97,284018400
152,97,28512000
153,97,11563.2
154,97,3336
156,97,600
139,98,0.8
140,98,0.0211
141,98,39
142,98,64
143,98,226.79999999999998
144,98,209.4
145,98,642
146,98,1164
147,98,2700
148,98,128520.00000000001
149,98,11196
150,98,28814400
151,98,11076717600
152,98,412773408
153,98,28338724800
154,98,83469852
155,98,1538784
156,98,5227200
157,98,5100
158,98,738
142,99,8
143,99,17.8
144,99,21
145,99,37
146,99,66
147,99,450
148,99,273
149,99,1440
150,99,6132
151,99,30960
152,99,118800
153,99,40754880
154,99,1768608
155,99,23820480
156,99,3438719.9999999995
157,99,1524
158,99,665280
141,100,0.00073
143,100,0.231
144,100,0.0031200000000000004
145,100,4.2
146,100,1.54
147,100,31
148,100,34.5
149,100,156
150,100,1800
151,100,19080
152,100,91404
153,100,259200
154,100,11664
155,100,72252
156,100,9456
157,100,8683200
158,100,0.00037
159,100,1.5
160,100,0.004
144,101,0.0009000000000000001
145,101,0.9
146,101,1.2
147,101,13
148,101,21.7
149,101,25
150,101,256.2
151,101,138
152,101,360
153,101,1680
154,101,1620
155,101,4620
156,101,19872
157,101,4449600
158,101,5760
159,101,2747520
148,102,0.0000042
149,102,0.8
150,102,2.44
151,102,97.2
152,102,51
153,102,211.2
154,102,2.91
155,102,24.5
156,102,0.0012
157,102,3480
158,102,0.106
160,102,0.005
149,103,0.36
150,103,0.57
151,103,18.4
152,103,31.1
153,103,27
154,103,4
155,103,4.1
156,103,6.2
157,103,180
158,103,2340
159,103,14400
163,103,39600
149,104,0.000048
150,104,0.000023
151,104,1.68
152,104,0.00667
153,104,4.4
154,104,0.0147
155,104,2.4
156,104,0.021
157,104,68
158,104,2.3
159,104,600
161,104,60
150,105,1.6
151,105,1.6
152,105,2.3
153,105,4.2
154,105,0.51
155,105,1.52
156,105,1.8
157,105,35
158,105,27
162,105,4380
163,105,115200
165,105,3600
152,106,0.0029
153,106,0.29
154,106,0.00495
155,106,0.178
156,106,0.006900000000000001
157,106,1
158,106,0.037
159,106,14.4
160,106,21
163,106,186
165,106,144
153,107,0.035
154,107,0.011800000000000001
155,107,0.022
157,107,0.44
158,107,0.9
159,107,1.7
160,107,17
163,107,60
165,107,10
167,107,54
155,108,0.00074
156,108,0.0008
157,108,0.0019
158,108,0.0023
159,108,0.052000000000000005
160,108,0.4
161,108,9.7
162,108,22
165,108,0.76
167,108,0.15
169,108,0.003
157,109,0.0017
159,109,0.021
161,109,0.005
165,109,0.44
166,109,0.0097
167,109,0.72
168,109,5
169,109,8
157,110,0.0000028
159,110,0.000179
160,110,0.0001
161,110,0.00163
163,110,0.00017
167,110,0.0040999999999999995
169,110,0.18
171,110,13
161,111,0.0038
163,111,0.0064
167,111,0.004200000000000001
168,111,0.17
169,111,3.6
170,111,17
171,111,0.5
169,112,0.13
170,112,0.0005
171,112,4
172,112,0.101
173,112,30
165,113,0.00024
169,113,0.07
170,113,0.1
171,113,0.48
172,113,5.5
173,113,20
170,114,0.0025
171,114,0.15
172,114,0.16
173,114,0.51
174,114,0.52
175,114,0.97
172,115,0.032
173,115,0.08700000000000001
174,115,0.22
175,115,0.016
174,116,0.015
175,116,0.0063
176,116,0.018000000000000002
177,116,0.053
176,117,0.014
177,117,0.08
