n,z,alpha(keV)
2,2,0
3,2,735
2,3,1964.9999
3,3,-1473.7583
4,3,-2467.6221
5,3,-6100.2403
6,3,-10362.4579
7,3,-11248.0128
8,3,-10832
3,4,-1587.1371
4,4,91.8399
5,4,-2307.6989
6,4,-7409.5245
7,4,-8320.8746
8,4,-8956.8373
9,4,-9701.6627
10,4,-11667.5601
2,5,-3415
3,5,-4826.5368
4,5,-1687.3169
5,5,-4461.1857
6,5,-8664.3124
7,5,-10001.3225
8,5,-10817.8729
9,5,-11813.8576
10,5,-14195.795
11,5,-14322.7938
12,5,-15689.4889
3,6,-10653
4,6,-5101.2767
5,6,-7544.5165
6,6,-7366.5875
7,6,-10648.3575
8,6,-12012.5091
9,6,-12728.9395
10,6,-13808.5442
11,6,-15052.1159
12,6,-17460.1527
13,6,-19836.982
14,6,-22368.4878
3,7,-10945
4,7,-5735.8247
5,7,-8008.4167
6,7,-9495.9206
7,7,-11612.1097
8,7,-10991.1859
9,7,-10110.4066
10,7,-11116.7852
11,7,-12975.4343
12,7,-15526.0403
13,7,-17770.1168
14,7,-20909.3222
15,7,-22452.7511
16,7,-25474.7374
17,7,-24888
18,7,-24825
4,8,-5475.8501
5,8,-8220.4554
6,8,-10115.8076
7,8,-10218.6907
8,8,-7161.918
9,8,-6358.6894
10,8,-6227.6255
11,8,-8965.2032
12,8,-12322.8773
13,8,-15394.7616
14,8,-18061.1494
15,8,-20217.2997
16,8,-21428.0782
17,8,-20739
18,8,-21375.0782
19,8,-21926
5,9,-9260.5406
6,9,-10223.8076
7,9,-9087.8022
8,9,-5818.6957
9,9,-4415.2202
10,9,-4013.7991
11,9,-8126.2863
12,9,-10342.5998
13,9,-12744.7075
14,9,-14995.9075
15,9,-16646.8978
16,9,-16322.6644
17,9,-15515.0654
18,9,-14011.8669
19,9,-15959
20,9,-18258
5,10,-9948.4554
6,10,-10451.4758
7,10,-9039.8956
8,10,-5115.0797
9,10,-3528.4845
10,10,-4729.8459
11,10,-7347.928
12,10,-9666.8153
13,10,-10911.8187
14,10,-12172.73
15,10,-12522.4526
16,10,-11226.8344
17,10,-9995.3765
18,10,-9625.5821
19,10,-11354.143
20,10,-13805.8365
21,10,-15913
22,10,-17506
6,11,-9735
7,11,-9351.3267
8,11,-6062.2835
9,11,-6249.6092
10,11,-6561.4745
11,11,-8479.4198
12,11,-10467.3243
13,11,-10825.3534
14,11,-11735.1243
15,11,-12079.0722
16,11,-11227.9698
17,11,-10957.747
18,11,-11079.0889
19,11,-12624.9011
20,11,-15312.3624
21,11,-17188.5604
22,11,-18794.9932
23,11,-19705
24,11,-21436
7,12,-10801.8956
8,12,-8933.997
9,12,-8021.5172
10,12,-8142.5196
11,12,-9650.644
12,12,-9316.5618
13,12,-9885.9215
14,12,-10614.7437
15,12,-11857.4651
16,12,-11493.219
17,12,-11001.7729
18,12,-11787.402
19,12,-12597.9777
20,12,-14553.5547
21,12,-15861.846
22,12,-17381.7116
23,12,-17966.7238
24,12,-19044
25,12,-20344
26,12,-21192
8,13,-10055
9,13,-9262
10,13,-8606.2292
11,13,-9324.2165
12,13,-9156.0324
13,13,-9453.6638
14,13,-10091.9259
15,13,-10857.7346
16,13,-11274.8645
17,13,-11428.2519
18,13,-11857.8341
19,13,-12535.969
20,13,-13602.2918
21,13,-13897.2044
22,13,-14894.677
23,13,-15114.6831
24,13,-16395.4644
25,13,-17635
26,13,-18767
27,13,-19507
28,13,-20969
29,13,-22340
30,13,-24132
9,14,-10314
10,14,-9157.4242
11,14,-9501.4448
12,14,-9165.9328
13,14,-9335.7466
14,14,-9984.1348
15,14,-11127.2154
16,14,-10643.3347
17,14,-10787.359
18,14,-11482.6595
19,14,-12326.8839
20,14,-13535.2274
21,14,-13694.2441
22,14,-14032.1404
23,14,-13959.3009
24,14,-14918.5391
25,14,-15744.35
26,14,-17138.1994
27,14,-17436
28,14,-19659
29,14,-20871
30,14,-22664
31,14,-23435
10,15,-9324
11,15,-9653
12,15,-9832.0193
13,15,-9523.9602
14,15,-10461.791
15,15,-10415.6324
16,15,-9668.5967
17,15,-9879.0727
18,15,-10554.504
19,15,-11109.5009
20,15,-12332.0163
21,15,-11576.5922
22,15,-12923.5461
23,15,-14048.8619
24,15,-14975.8218
25,15,-16514.4895
26,15,-17214.2477
27,15,-17803
28,15,-18874
29,15,-20135
30,15,-21055
31,15,-21575
32,15,-21885
10,16,-8385
11,16,-8884
12,16,-9096.8986
13,16,-9346.661
14,16,-9343.167
15,16,-9082.9421
16,16,-6947.6559
17,16,-7115.6926
18,16,-7923.6429
19,16,-8322.0883
20,16,-9011.3676
21,16,-8807.0137
22,16,-9294.4477
23,16,-11196.1074
24,16,-12826.6402
25,16,-14861.9837
26,16,-15892.3645
27,16,-16940.7282
28,16,-17296.028
29,16,-18965
30,16,-18625
31,16,-19554
32,16,-19346
33,16,-19124
11,17,-8175
12,17,-8593
13,17,-8723
14,17,-8800.436
15,17,-8611.7653
16,17,-6475.4069
17,17,-6664.1457
18,17,-6997.903
19,17,-7642.0475
20,17,-7849.1172
21,17,-7674.3302
22,17,-7367.3246
23,17,-9731.6896
24,17,-10736.0951
25,17,-12635.1209
26,17,-13809.7908
27,17,-14764.7
28,17,-15707.6929
29,17,-17251.7068
30,17,-17046
31,17,-17815
32,17,-17646
33,17,-17565
34,17,-16945
12,18,-8034
13,18,-8590
14,18,-8698.4711
15,18,-8714.7873
16,18,-6743.9542
17,18,-6429.6731
18,18,-6640.921
19,18,-6786.7364
20,18,-7208.0532
21,18,-6820.9014
22,18,-6800.675
23,18,-8595.9996
24,18,-9986.378
25,18,-11272.0549
26,18,-12260.3265
27,18,-13187.1372
28,18,-14558.4231
29,18,-15596.7293
30,18,-15575.6067
31,18,-16145
32,18,-16295
33,18,-16115
34,18,-16194
35,18,-16025
13,19,-8705
14,19,-8907
15,19,-8320
16,19,-6563.2566
17,19,-6507.3916
18,19,-6221.777
19,19,-6785.5898
20,19,-7218.5796
21,19,-6438.4047
22,19,-6222.913
23,19,-7648.8307
24,19,-9200.0923
25,19,-10648.5952
26,19,-11733.3678
27,19,-13007.0756
28,19,-13977.3871
29,19,-14230.4245
30,19,-13773.8671
31,19,-14417.8198
32,19,-15360
33,19,-15282
34,19,-15460
35,19,-15275
36,19,-16245
37,19,-16804
13,20,-9364
14,20,-9606
15,20,-8560
16,20,-6675.7297
17,20,-6176.6909
18,20,-6105.1265
19,20,-6660.3337
20,20,-7039.7755
21,20,-6615.1452
22,20,-6257.3824
23,20,-7591.5931
24,20,-8853.7456
25,20,-10169.6366
26,20,-11141.8475
27,20,-12759.7706
28,20,-13976.5233
29,20,-13954.1172
30,20,-12242.8911
31,20,-13389.9515
32,20,-14336.2605
33,20,-14752
34,20,-14355
35,20,-14586
36,20,-14556
37,20,-15775
38,20,-16516
14,21,-9585
15,21,-8264
16,21,-6185
17,21,-5454
18,21,-5424.7488
19,21,-5531.0869
20,21,-6267.0746
21,21,-5745.1591
22,21,-4805.8704
23,21,-6705.454
24,21,-7937.6884
25,21,-9164.5284
26,21,-10186.364
27,21,-11147.5013
28,21,-12371.7195
29,21,-11548.1068
30,21,-9963.287
31,21,-10663.9943
32,21,-11582.9747
33,21,-11134.9967
34,21,-10751.567
35,21,-10803.1358
36,21,-11508.8464
37,21,-12754
38,21,-13725
39,21,-14955
40,21,-16055
41,21,-17045
42,21,-18105
15,22,-8285
16,22,-5945
17,22,-5115
18,22,-4967.1884
19,22,-4986.3846
20,22,-5470.7658
21,22,-4457.8001
22,22,-5127.1001
23,22,-6297.2739
24,22,-8005.8918
25,22,-8953.6551
26,22,-9449.1378
27,22,-10176.6978
28,22,-10717.1735
29,22,-9813.2154
30,22,-7677.7458
31,22,-8006.3463
32,22,-8579.4981
33,22,-7925.0749
34,22,-7581.6397
35,22,-7439.0568
36,22,-8181.9971
37,22,-9654
38,22,-11014.223
39,22,-12235
40,22,-13094
41,22,-14095
42,22,-14905
43,22,-16225
16,23,-6955
17,23,-6105
18,23,-5895
19,23,-5795
20,23,-6168.5473
21,23,-5709.6423
22,23,-5668.9974
23,23,-7379.8098
24,23,-8243.8356
25,23,-9086.8859
26,23,-9314.7513
27,23,-9886.5127
28,23,-10291.1787
29,23,-9363.8644
30,23,-7714.1438
31,23,-7786.0627
32,23,-8299.699
33,23,-8084.756
34,23,-8090.4245
35,23,-8417.566
36,23,-9193.4251
37,23,-9996.469
38,23,-11222.3845
39,23,-12158.5104
40,23,-13335.5063
41,23,-14194
42,23,-15035
43,23,-16035
44,23,-17238
17,24,-7185
18,24,-6735
19,24,-6895
20,24,-6853.3757
21,24,-6242.1787
22,24,-6792.1331
23,24,-7672.4178
24,24,-7697.6429
25,24,-8747.0017
26,24,-8558.0106
27,24,-8938.0185
28,24,-9351.4721
29,24,-9148.5212
30,24,-7928.4276
31,24,-7802.2745
32,24,-8232.3457
33,24,-8068.4674
34,24,-8672.9111
35,24,-8708.378
36,24,-9910.4207
37,24,-10519.5695
38,24,-12359.8588
39,24,-12724
40,24,-13965.1963
41,24,-14365
42,24,-15365
43,24,-15835
44,24,-16635
45,24,-17265
18,25,-7625
19,25,-7434
20,25,-7715
21,25,-7223
22,25,-7074.9344
23,25,-7913.4808
24,25,-8158.3999
25,25,-7975.9054
26,25,-8661.0715
27,25,-8658.2974
28,25,-9153.1088
29,25,-8759.9225
30,25,-7934.3526
31,25,-7893.5501
32,25,-8059.5201
33,25,-8354.2169
34,25,-8825.1083
35,25,-9209.4612
36,25,-9731.9824
37,25,-10518.2968
38,25,-11701.3594
39,25,-12326.5545
40,25,-13215.1387
41,25,-13962.1446
42,25,-14265
43,25,-15025
44,25,-15674
45,25,-16575
46,25,-17301
19,26,-8427
20,26,-8275
21,26,-7584
22,26,-7011.5928
23,26,-7660.8442
24,26,-7429.8051
25,26,-8051.0084
26,26,-7935.6981
27,26,-8040.0472
28,26,-8418.1672
29,26,-8455.623
30,26,-7612.5711
31,26,-7319.315
32,26,-7644.8077
33,26,-7979.5497
34,26,-8552.9625
35,26,-8820.4339
36,26,-9311.1648
37,26,-9944.6142
38,26,-10485.9676
39,26,-11146.3156
40,26,-11640.1511
41,26,-11955.032
42,26,-12682
43,26,-13314
44,26,-14175
45,26,-15085
46,26,-15985
47,26,-16785
48,26,-17444
20,27,-9175
21,27,-8155
22,27,-7225
23,27,-7596.5711
24,27,-7200.6861
25,27,-7472.2505
26,27,-7464.3663
27,27,-7808.097
28,27,-8211.6868
29,27,-7754.0471
30,27,-7080.224
31,27,-6713.9617
32,27,-6942.2118
33,27,-7163.6874
34,27,-7836.8152
35,27,-8021.7469
36,27,-8751.1403
37,27,-9249.4117
38,27,-9867.9915
39,27,-10309.4923
40,27,-10859.6387
41,27,-11078.4662
42,27,-11843.0192
43,27,-12199.487
44,27,-13214
45,27,-13805
46,27,-15035
47,27,-15515
48,27,-16366
49,27,-16915
50,27,-17634
21,28,-8303
22,28,-7094
23,28,-6945
24,28,-6976.1961
25,28,-7305.0135
26,28,-7226.768
27,28,-7571.6918
28,28,-8000.4694
29,28,-7561.3934
30,28,-6399.1718
31,28,-6100.3272
32,28,-6290.9959
33,28,-6464.9281
34,28,-7016.0846
35,28,-7272.8498
36,28,-8110.7755
37,28,-8630.2096
38,28,-9553.1526
39,28,-10531.9749
40,28,-10919.1863
41,28,-11185.67
42,28,-11570.9376
43,28,-12122.7358
44,28,-12754
45,28,-13334
46,28,-14235
47,28,-14736
48,28,-15365
49,28,-15785
50,28,-16645
51,28,-15885
52,28,-15075
23,29,-6034
24,29,-5785
25,29,-6075
26,29,-6718.1722
27,29,-6710.6698
28,29,-7074.5541
29,29,-6082.6991
30,29,-4753.374
31,29,-4729.6603
32,29,-5063.3206
33,29,-5365.1666
34,29,-5774.9461
35,29,-6198.8966
36,29,-6790.4145
37,29,-7258.8057
38,29,-7892.9165
39,29,-8199.5171
40,29,-8975.9315
41,29,-8992.7554
42,29,-9814.2669
43,29,-10565.3316
44,29,-11026.9132
45,29,-11906.1651
46,29,-12525.2049
47,29,-13106
48,29,-13318
49,29,-13674
50,29,-14272
51,29,-13444
52,29,-12425
53,29,-12834
24,30,-4667
25,30,-5044
26,30,-5255
27,30,-5344
28,30,-5445.4753
29,30,-4304.633
30,30,-2691.7371
31,30,-2689.8611
32,30,-3364.133
33,30,-3481.5119
34,30,-3955.6904
35,30,-4114.9114
36,30,-4577.7049
37,30,-4792.4005
38,30,-5333.0365
39,30,-5717.0257
40,30,-5983.3706
41,30,-6011.0138
42,30,-7106.5881
43,30,-8039.6706
44,30,-8967.7678
45,30,-9577.5964
46,30,-10501.8715
47,30,-11105.9596
48,30,-11208
49,30,-11617
50,30,-11883
51,30,-11274
52,30,-9859
53,30,-10555
54,30,-11015
55,30,-11435
56,30,-11767
25,31,-4385
26,31,-4695
27,31,-4725
28,31,-4550
29,31,-3386
30,31,-2250.564
31,31,-2744.0868
32,31,-2613.5612
33,31,-2912.4803
34,31,-3098.3398
35,31,-3361.1014
36,31,-3724.2037
37,31,-4086.5521
38,31,-4489.0583
39,31,-5076.7769
40,31,-5244.489
41,31,-5446.1568
42,31,-6388.0384
43,31,-7498.1613
44,31,-8174.4206
45,31,-8938.5575
46,31,-9429.8235
47,31,-10122.7886
48,31,-10503.0519
49,31,-10666.963
50,31,-11190.0495
51,31,-10566.1672
52,31,-9274.0056
53,31,-9840
54,31,-10259
55,31,-10455
56,31,-10904
57,31,-11095
26,32,-4303
27,32,-4525
28,32,-4565
29,32,-3665
30,32,-2266
31,32,-2130.4585
32,32,-2565.9487
33,32,-2554.2332
34,32,-2863.8682
35,32,-2885.2049
36,32,-3399.6969
37,32,-3613.5655
38,32,-4087.7235
39,32,-4451.1966
40,32,-5003.6716
41,32,-5304.542
42,32,-6282.6188
43,32,-6953.1026
44,32,-7492.3194
45,32,-8044.3752
46,32,-8530.2538
47,32,-9393.1793
48,32,-9657.2063
49,32,-9927.408
50,32,-10356.7489
51,32,-9969.0563
52,32,-8924.7319
53,32,-9348.6734
54,32,-9510.8824
55,32,-9725
56,32,-10114
57,32,-10365
58,32,-10834
27,33,-4225
28,33,-4215
29,33,-3305
30,33,-2165
31,33,-2367
32,33,-2227.3099
33,33,-2462.9778
34,33,-2465.0484
35,33,-2486.6167
36,33,-2879.6108
37,33,-3035.1605
38,33,-3439.0167
39,33,-3568.6697
40,33,-4049.8527
41,33,-4374.8295
42,33,-5319.9921
43,33,-6128.0157
44,33,-6641.9066
45,33,-7192.2595
46,33,-7600.3576
47,33,-8342.869
48,33,-8965.8774
49,33,-8826.2579
50,33,-9545.892
51,33,-9054.8095
52,33,-7986.1063
53,33,-8456.3401
54,33,-8785.7008
55,33,-8781
56,33,-9211
57,33,-9655
58,33,-10055
59,33,-10414
29,34,-2905
30,34,-1754
31,34,-1655
32,34,-1945
33,34,-2083.989
34,34,-2298.8618
35,34,-2381.4068
36,34,-2747.7748
37,34,-2897.7126
38,34,-3314.3058
39,34,-3551.6379
40,34,-4076.0901
41,34,-4687.7481
42,34,-5090.965
43,34,-5726.8804
44,34,-6028.4165
45,34,-6485.4088
46,34,-6971.505
47,34,-7601.0649
48,34,-8156.7527
49,34,-8238.2794
50,34,-8837.3322
51,34,-8546.8657
52,34,-7513.016
53,34,-7874.6064
54,34,-8160.6839
55,34,-8293.8875
56,34,-8825.2118
57,34,-9415
58,34,-9629
59,34,-10245
60,34,-10758
30,35,-1715
31,35,-1574
32,35,-1454
33,35,-1684
34,35,-1747.3374
35,35,-1825.4591
36,35,-2340.1101
37,35,-2592.1389
38,35,-2958.521
39,35,-3379.1039
40,35,-3638.6787
41,35,-4484.1859
42,35,-4706.9771
43,35,-5017.0201
44,35,-5458.7803
45,35,-6022.5572
46,35,-6485.6324
47,35,-7106.6229
48,35,-7802.5561
49,35,-7993.4091
50,35,-8467.0803
51,35,-7951.7497
52,35,-6647.2698
53,35,-7287.315
54,35,-7510.0352
55,35,-7463.0724
56,35,-7914.3037
57,35,-8208
58,35,-8785
59,35,-9084
60,35,-9775
61,35,-10255
31,36,-1127
32,36,-1192
33,36,-1546
34,36,-1865
35,36,-2171.8328
36,36,-2176.0492
37,36,-2541.9595
38,36,-2826.8603
39,36,-3602.0327
40,36,-3570.433
41,36,-4366.9712
42,36,-4389.9886
43,36,-4697.7164
44,36,-5066.4115
45,36,-5521.618
46,36,-5990.7594
47,36,-6498.0934
48,36,-7104.7739
49,36,-7516.2375
50,36,-8096.6968
51,36,-7793.9036
52,36,-6168.4808
53,36,-6547.0654
54,36,-6881.0001
55,36,-6972.7569
56,36,-7310.0413
57,36,-7568.5199
58,36,-7972.473
59,36,-8003.7065
60,36,-8783
61,36,-8988
62,36,-9742
63,36,-10365
34,37,-2186
35,37,-1964
36,37,-2177.0492
37,37,-2915.3049
38,37,-3141.1912
39,37,-3842.2541
40,37,-3609.6291
41,37,-4072.1818
42,37,-4120.6745
43,37,-4311.314
44,37,-4646.8018
45,37,-5160.5606
46,37,-5427.4879
47,37,-6294.8654
48,37,-6615.2058
49,37,-7673.2418
50,37,-8008.9963
51,37,-7250.826
52,37,-5561.8361
53,37,-6158.2274
54,37,-6278.2791
55,37,-6481.3982
56,37,-6770.5447
57,37,-6987.401
58,37,-7207.9217
59,37,-7546.4543
60,37,-8053.8253
61,37,-9144
62,37,-9696
63,37,-10481
64,37,-10992
65,37,-11627
35,38,-2235
36,38,-2152
37,38,-2716.4067
38,38,-2731.9792
39,38,-3676.6012
40,38,-3267.0212
41,38,-3580.9484
42,38,-3722.6774
43,38,-3783.5986
44,38,-4256.695
45,38,-4780.2418
46,38,-5181.0413
47,38,-5832.0065
48,38,-6356.2206
49,38,-7314.349
50,38,-7907.1994
51,38,-7153.6017
52,38,-5110.1848
53,38,-5367.3346
54,38,-5600.9911
55,38,-5974.9649
56,38,-6311.3773
57,38,-6568.2265
58,38,-6573.8352
59,38,-6869.5875
60,38,-7499.5245
61,38,-8784.5222
62,38,-9160.7388
63,38,-10326.3317
64,38,-10464
65,38,-11305
66,38,-11715
67,38,-12035
36,39,-1955
37,39,-2345
38,39,-2852
39,39,-2682
40,39,-3009.1491
41,39,-3093.9896
42,39,-3307.3346
43,39,-3553.586
44,39,-3827.8097
45,39,-4143.8787
46,39,-4810.3435
47,39,-5520.203
48,39,-6372.6635
49,39,-6964.9701
50,39,-7968.7774
51,39,-6174.8256
52,39,-4178.4353
53,39,-4632.4058
54,39,-4939.6726
55,39,-5410.8157
56,39,-5887.8045
57,39,-5982.4522
58,39,-5920.4705
59,39,-6150.8723
60,39,-7178.3391
61,39,-8391.806
62,39,-8960.5579
63,39,-9228.4047
64,39,-9760.7993
65,39,-10239
66,39,-10427
67,39,-10963
68,39,-11235
69,39,-11755
37,40,-2075
38,40,-2447
39,40,-2577
40,40,-2937
41,40,-2145.8909
42,40,-2865.0297
43,40,-2856.9112
44,40,-3535.1406
45,40,-4071.9778
46,40,-4383.877
47,40,-4974.4469
48,40,-5404.2094
49,40,-6199.5999
50,40,-6674.3634
51,40,-5440.4314
52,40,-2962.3109
53,40,-3337.9171
54,40,-3743.3025
55,40,-4432.9066
56,40,-4996.4051
57,40,-5275.7652
58,40,-4860.9525
59,40,-4924.3017
60,40,-5879.4039
61,40,-7005.2287
62,40,-7583.9543
63,40,-7715.3826
64,40,-8325.0712
65,40,-8558.2752
66,40,-9015
67,40,-9165
68,40,-9615
69,40,-9964
70,40,-10344
71,40,-10655
38,41,-2255
39,41,-2595
40,41,-2347
41,41,-2062
42,41,-2234.8911
43,41,-2470.5959
44,41,-2991.6814
45,41,-3494.8792
46,41,-4093.7368
47,41,-4702.0317
48,41,-5208.5392
49,41,-5803.3469
50,41,-6044.5564
51,41,-4579.1774
52,41,-1926.5536
53,41,-2297.0667
54,41,-2859.8664
55,41,-3211.2518
56,41,-3800.5572
57,41,-3598.0554
58,41,-3552.3225
59,41,-3886.1757
60,41,-5200.949
61,41,-6434.4331
62,41,-6809.8529
63,41,-6914.6714
64,41,-7285.6759
65,41,-7454.9528
66,41,-7691.6869
67,41,-7890
68,41,-8545
69,41,-8944
70,41,-9415
71,41,-9715
72,41,-10154
39,42,-2285
40,42,-1945
41,42,-1995
42,42,-1835
43,42,-2410.2578
44,42,-2921.7797
45,42,-3398.0735
46,42,-3689.7767
47,42,-4264.6639
48,42,-4628.4067
49,42,-5286.6035
50,42,-5604.6291
51,42,-4354.0211
52,42,-2066.4479
53,42,-2241.1963
54,42,-2760.7814
55,42,-2847.5887
56,42,-3271.5647
57,42,-2735.0817
58,42,-3179.0846
59,42,-3008.1745
60,42,-4704.024
61,42,-5762.5771
62,42,-6395.9277
63,42,-6594.7166
64,42,-6971.4921
65,42,-7160.8972
66,42,-7456.5535
67,42,-7625.9268
68,42,-8211
69,42,-8345
70,42,-8955
71,42,-9345
72,42,-9885
73,42,-10494
74,42,-11215
75,42,-11774
40,43,-2094
41,43,-1705
42,43,-1914
43,43,-2186
44,43,-2502.0572
45,43,-2901.3749
46,43,-3540.0884
47,43,-4015.5513
48,43,-4537.0803
49,43,-5179.0638
50,43,-5405.2773
51,43,-3921.7168
52,43,-1808.2432
53,43,-1793.2738
54,43,-2436.5124
55,43,-2488.0667
56,43,-2966.5136
57,43,-2843.0366
58,43,-3166.7118
59,43,-3473.225
60,43,-4693.4923
61,43,-5132.6391
62,43,-5819.7313
63,43,-5902.9035
64,43,-6146.2153
65,43,-6536.7498
66,43,-6792.1978
67,43,-7256.8012
68,43,-7725.7868
69,43,-8138.6503
70,43,-8546.665
71,43,-8715.2955
72,43,-9261
73,43,-9569
74,43,-10355
75,43,-10755
76,43,-11715
77,43,-12194
41,44,-1595
42,44,-1825
43,44,-1815
44,44,-2594
45,44,-3284.5795
46,44,-3197.7899
47,44,-3779.9314
48,44,-4039.5737
49,44,-4626.695
50,44,-4836.0038
51,44,-3673.8405
52,44,-1696.7139
53,44,-1738.4011
54,44,-2235.708
55,44,-2338.4283
56,44,-2857.4178
57,44,-2838.3281
58,44,-3415.3703
59,44,-3721.9773
60,44,-4327.6506
61,44,-4839.5072
62,44,-5187.3028
63,44,-5333.1499
64,44,-5742.5722
65,44,-5832.5835
66,44,-6369.5417
67,44,-6665.2664
68,44,-7306.4913
69,44,-7633.4473
70,44,-8110.3143
71,44,-8590.3979
72,44,-9014
73,44,-9265
74,44,-9745
75,44,-9955
76,44,-10935
77,44,-11356
78,44,-11835
79,44,-12395
43,45,-1585
44,45,-2226
45,45,-2488
46,45,-3304
47,45,-3753.7096
48,45,-4041.8688
49,45,-4607.843
50,45,-4778.875
51,45,-3186.9451
52,45,-1416.364
53,45,-1441.8027
54,45,-1988.0827
55,45,-2194.3977
56,45,-2612.9074
57,45,-2776.0181
58,45,-3128.7521
59,45,-3363.3087
60,45,-3931.5933
61,45,-4214.6509
62,45,-4684.7068
63,45,-4957.1026
64,45,-5137.8635
65,45,-5477.3562
66,45,-5978.8199
67,45,-6233.1373
68,45,-6909.0311
69,45,-7100.6275
70,45,-7629.4686
71,45,-7901.7262
72,45,-8510.1255
73,45,-8711.4614
74,45,-9451
75,45,-9831
76,45,-10535
77,45,-11014
78,45,-11446
79,45,-12135
80,45,-12714
81,45,-13320
44,46,-2364
45,46,-2865
46,46,-2864
47,46,-3037.3015
48,46,-3643.3953
49,46,-4150.9961
50,46,-4307.1247
51,46,-3014.0451
52,46,-1162.2991
53,46,-1150.0185
54,46,-1557.2031
55,46,-1736.4963
56,46,-2103.0075
57,46,-2256.5112
58,46,-2592.6475
59,46,-2884.708
60,46,-3226.024
61,46,-3530.4021
62,46,-3853.3677
63,46,-4096.8567
64,46,-4432.5678
65,46,-4548.2367
66,46,-5084.5511
67,46,-5276.9603
68,46,-5842.6333
69,46,-6065.4124
70,46,-6625.0692
71,46,-6980.9894
72,46,-7592.0606
73,46,-7726.8974
74,46,-8635.6029
75,46,-9117.3824
76,46,-10041
77,46,-10775
78,46,-11105
79,46,-11764
80,46,-12435
81,46,-13095
82,46,-13226
83,46,-11935
45,47,-3095
46,47,-3174
47,47,-3193
48,47,-3761
49,47,-3937.4661
50,47,-4317.1333
51,47,-2583.7173
52,47,-796.7823
53,47,-875.1531
54,47,-1161.7358
55,47,-1496.3989
56,47,-1643.0966
57,47,-1950.2558
58,47,-2083.3363
59,47,-2583.9992
60,47,-2799.91
61,47,-3072.3634
62,47,-3293.0765
63,47,-3519.5657
64,47,-3776.6517
65,47,-3977.4892
66,47,-4452.4897
67,47,-4527.0337
68,47,-5103.6316
69,47,-5236.528
70,47,-5839.8901
71,47,-6268.4428
72,47,-6841.4463
73,47,-7340.6853
74,47,-7930.9884
75,47,-8644.1944
76,47,-9170.6945
77,47,-10035
78,47,-10694.7205
79,47,-11266
80,47,-11884
81,47,-12425
82,47,-12465
83,47,-11123
84,47,-9445
85,47,-9485
46,48,-3155
47,48,-3311
48,48,-3217
49,48,-4177.1333
50,48,-3959.0601
51,48,-2390.1348
52,48,-436.0917
53,48,-455.529
54,48,-763.632
55,48,-893.6808
56,48,-1180.6348
57,48,-1326.6206
58,48,-1654.1057
59,48,-1958.2611
60,48,-2282.2156
61,48,-2511.3416
62,48,-2865.3425
63,48,-3304.5091
64,48,-3475.5579
65,48,-3861.7185
66,48,-4108.9454
67,48,-4523.5093
68,48,-4816.3654
69,48,-5252.8132
70,48,-5636.2184
71,48,-5976.0325
72,48,-6551.2549
73,48,-7074.8628
74,48,-7648.9424
75,48,-8431.8221
76,48,-8844.7481
77,48,-9590.6686
78,48,-10064.474
79,48,-10736.3665
80,48,-11263
81,48,-11587
82,48,-11752
83,48,-10416
84,48,-8500
85,48,-8685
86,48,-9155
87,48,-9505
47,49,-2985
48,49,-3415
49,49,-3929
50,49,-3895
51,49,-2091.4166
52,49,-65.7903
53,49,-53.3868
54,49,-344.83
55,49,-469.6211
56,49,-731.1138
57,49,-786.364
58,49,-1188.8804
59,49,-1428.2741
60,49,-1843.5933
61,49,-1952.4859
62,49,-2410.2661
63,49,-2808.2511
64,49,-3072.6086
65,49,-3537.4168
66,49,-3745.8253
67,49,-4090.9453
68,49,-4341.1261
69,49,-4722.2819
70,49,-5140.9875
71,49,-5609.9926
72,49,-6077.5908
73,49,-6442.4745
74,49,-7208.1908
75,49,-7641.1824
76,49,-8434.3928
77,49,-9128.1749
78,49,-9736.232
79,49,-10385.0819
80,49,-10739.8656
81,49,-11611
82,49,-11800
83,49,-10126
84,49,-8245
85,49,-8497
86,49,-8785
87,49,-8995
88,49,-9175
49,50,-3345
50,50,-4001
51,50,-1996.5133
52,50,276.6132
53,50,414
54,50,142.6223
55,50,73.5483
56,50,-118.9119
57,50,-285.5283
58,50,-526.4734
59,50,-721.2469
60,50,-1134.7556
61,50,-1373.171
62,50,-1827.5424
63,50,-2248.7147
64,50,-2636.6816
65,50,-3206.5145
66,50,-3376.0374
67,50,-3779.3719
68,50,-4062.825
69,50,-4405.4207
70,50,-4810.1677
71,50,-5203.1449
72,50,-5663.2197
73,50,-6262.6598
74,50,-6699.026
75,50,-7244.7366
76,50,-7827.6671
77,50,-8480.3104
78,50,-9086.9092
79,50,-9667.4226
80,50,-10301.4055
81,50,-10948.2956
82,50,-11733.2244
83,50,-10176.6645
84,50,-7741.077
85,50,-7845.4077
86,50,-8130
87,50,-8435
88,50,-8475
89,50,-8915
51,51,382
52,51,2281
53,51,2458
54,51,2104.4944
55,51,1796.6786
56,51,1554.2327
57,51,1312.4179
58,51,964.6798
59,51,733.4893
60,51,305.0044
61,51,95.9392
62,51,-352.3556
63,51,-451.5627
64,51,-1036.2782
65,51,-1256.8089
66,51,-1697.3561
67,51,-1851.3124
68,51,-2364.0987
69,51,-2592.2906
70,51,-3081.0375
71,51,-3530.9438
72,51,-3949.148
73,51,-4316.2439
74,51,-4845.4168
75,51,-5246.6906
76,51,-5694.1761
77,51,-6186.9891
78,51,-6641.9923
79,51,-6901.2257
80,51,-7526.4307
81,51,-7870.0808
82,51,-8513.5402
83,51,-6537.3901
84,51,-4090.8788
85,51,-4520.2518
86,51,-4795
87,51,-5105
88,51,-5365
89,51,-5845
90,51,-6135
52,52,5096.3997
53,52,5069.1999
54,52,4290.2208
55,52,4010.3533
56,52,3420.465
57,52,3197.6861
58,52,2698.9612
59,52,2499.836
60,52,2077.5148
61,52,1858.2272
62,52,1527.4002
63,52,1450.8973
64,52,966.3408
65,52,807.7132
66,52,444.0616
67,52,426.3905
68,52,-261.0973
69,52,-570.284
70,52,-1085.3546
71,52,-1530.909
72,52,-1851.3168
73,52,-2250.0837
74,52,-2549.1306
75,52,-2890.7301
76,52,-3187.234
77,52,-3536.1428
78,52,-3762.74
79,52,-4166.3596
80,52,-4251.6832
81,52,-4771.4519
82,52,-4826.4515
83,52,-2889.1273
84,52,-303.6415
85,52,-854.7877
86,52,-1687.1519
87,52,-1997.7438
88,52,-2622
89,52,-2945
90,52,-3464
91,52,-3645
92,52,-4155
53,53,5375
54,53,4816
55,53,4098.6662
56,53,3918.0699
57,53,3580.5414
58,53,3274.5378
59,53,2957.0864
60,53,2706.5541
61,53,2385.8939
62,53,2074.0261
63,53,1753.4036
64,53,1553.4816
65,53,1100.6441
66,53,800.7649
67,53,649.9436
68,53,-31.0013
69,53,-507.994
70,53,-891.9643
71,53,-1372.3374
72,53,-1661.783
73,53,-2001.2077
74,53,-2185.2421
75,53,-2543.8773
76,53,-2676.9981
77,53,-2967.9684
78,53,-3169.3493
79,53,-3498.5658
80,53,-3652.8335
81,53,-4182.6688
82,53,-4222.6839
83,53,-2334.8589
84,53,142.3287
85,53,-385.8215
86,53,-1205.5474
87,53,-1524.249
88,53,-2291.1892
89,53,-2578
90,53,-3165
91,53,-3365
92,53,-4015
93,53,-4355
54,54,4569.5582
55,54,4217.0463
56,54,3872.2066
57,54,3712.1503
58,54,3330.4128
59,54,3086.8573
60,54,2719.006
61,54,2505.8139
62,54,2095.725
63,54,1736.7748
64,54,1385.6935
65,54,843.3634
66,54,666.4424
67,54,189.5879
68,54,-89.1461
69,54,-490.6342
70,54,-730.1604
71,54,-1081.166
72,54,-1258.0209
73,54,-1574.8214
74,54,-1761.3085
75,54,-2099.1917
76,54,-2241.2226
77,54,-2557.994
78,54,-2710.0969
79,54,-3063.6147
80,54,-3197.7907
81,54,-3627.2591
82,54,-3665.8889
83,54,-1871.197
84,54,136.5922
85,54,-340.7117
86,54,-986.0981
87,54,-1318.4624
88,54,-1958.5697
89,54,-2422.7178
90,54,-2929.768
91,54,-3249
92,54,-3830
93,54,-4294
94,54,-4854
95,54,-5415
56,55,4105
57,55,3931.4368
58,55,3483.0508
59,55,3356.9999
60,55,2829
61,55,2596
62,55,2201.5
63,55,1804.6423
64,55,1607.8276
65,55,1107.0893
66,55,911.3106
67,55,401.3719
68,55,309.159
69,55,-418.816
70,55,-269.0091
71,55,-696.317
72,55,-722.3549
73,55,-992.1338
74,55,-1087.942
75,55,-1414.1739
76,55,-1497.2732
77,55,-1839.5789
78,55,-1988.6828
79,55,-2379.8932
80,55,-2564.1451
81,55,-3060.2693
82,55,-3113.3863
83,55,-1268.5042
84,55,653.1754
85,55,70.5706
86,55,-545.9984
87,55,-959.5625
88,55,-1629.4708
89,55,-2090.0552
90,55,-2552.674
91,55,-2932.3269
92,55,-3555
93,55,-4006
94,55,-4594
95,55,-5055
96,55,-5504
57,56,4035
58,56,3592.284
59,56,3175
60,56,3222
61,56,2320.8041
62,56,2461
63,56,1641.7452
64,56,1733.3129
65,56,1015.5841
66,56,1045.1996
67,56,714.6091
68,56,657.7328
69,56,387.1047
70,56,260.159
71,56,5.3868
72,56,-126.6665
73,56,-286.4209
74,56,-535.3054
75,56,-782.991
76,56,-999.2847
77,56,-1282.3581
78,56,-1494.4436
79,56,-1861.9957
80,56,-2033.0205
81,56,-2502.7336
82,56,-2560.8872
83,56,-925.4687
84,56,736.3492
85,56,226.0061
86,56,-294.9286
87,56,-717.5349
88,56,-1205.5842
89,56,-1743.7901
90,56,-2061.5359
91,56,-2486.0693
92,56,-3097.5257
93,56,-3762.1983
94,56,-4359.7649
95,56,-4965
96,56,-5385
97,56,-5895
98,56,-6355
59,57,3940
60,57,3069
61,57,2641
62,57,2255
63,57,2048
64,57,1878
65,57,1441
66,57,1229
67,57,1205.1156
68,57,917.9334
69,57,746.3771
70,57,722.6242
71,57,690.7057
72,57,341.2854
73,57,298.3928
74,57,45.8464
75,57,-216.7208
76,57,-420.2576
77,57,-743.8201
78,57,-1012.7993
79,57,-1309.7104
80,57,-1494.8381
81,57,-2047.1586
82,57,-2065.3402
83,57,-398.1202
84,57,1191.0128
85,57,438.1621
86,57,104.705
87,57,-224.8374
88,57,-782.8903
89,57,-1131.5333
90,57,-1427.7944
91,57,-1862.2958
92,57,-2590.4126
93,57,-3425.6828
94,57,-3815.1823
95,57,-4804
96,57,-5185
97,57,-5785
98,57,-6075
99,57,-6346
61,58,2675
62,58,2225
63,58,2343
64,58,1901
65,58,1879
66,58,1548
67,58,1662
68,58,1363.4706
69,58,1250.7035
70,58,1130.9445
71,58,956.556
72,58,822.0842
73,58,684.5912
74,58,475.552
75,58,217.7266
76,58,-1.0377
77,58,-362.2652
78,58,-498.5626
79,58,-790.1691
80,58,-1040.7803
81,58,-1532.0024
82,58,-1612.0637
83,58,-134.5727
84,58,1303.9942
85,58,882.6235
86,58,411.0472
87,58,240.5176
88,58,-208.5274
89,58,-501.6125
90,58,-1056.2104
91,58,-1578.6535
92,58,-2405.5101
93,58,-3385.9383
94,58,-3860
95,58,-4504
96,58,-4755
97,58,-5265
98,58,-5635
99,58,-5885
100,58,-6045
62,59,2295
63,59,2415
64,59,2365
65,59,1994
66,59,1695
67,59,1795
68,59,1683
69,59,1502.9377
70,59,1561.0107
71,59,1373.0954
72,59,1170.5368
73,59,973.0593
74,59,961.0339
75,59,674.4589
76,59,408.4769
77,59,-41.7592
78,59,-132.3378
79,59,-335.1237
80,59,-610.1106
81,59,-1073.6551
82,59,-1298.5841
83,59,302.1253
84,59,1729.2653
85,59,1136.5553
86,59,878.9374
87,59,925.5479
88,59,302.4585
89,59,-110.7086
90,59,-628.9635
91,59,-1504.2511
92,59,-2526.2001
93,59,-3474.244
94,59,-3773.4849
95,59,-3973.3709
96,59,-4529.9121
97,59,-4584
98,59,-4800
99,59,-5045
100,59,-5264
101,59,-5574
102,59,-5844
64,60,2475
65,60,2195
66,60,2069
67,60,1951
68,60,1961
69,60,1858
70,60,1799.4099
71,60,1786.3876
72,60,1683.1944
73,60,1530.2081
74,60,1351.5547
75,60,1069.9125
76,60,844.4745
77,60,409.3383
78,60,390.8005
79,60,174.462
80,60,-173.6125
81,60,-697.6704
82,60,-809.1047
83,60,530.5151
84,60,1901.2829
85,60,1574.1374
86,60,1182.0635
87,60,1034.668
88,60,598.9604
89,60,266.6079
90,60,-478.9986
91,60,-1354.1975
92,60,-2176.155
93,60,-3085.3749
94,60,-3157.6554
95,60,-3483.6539
96,60,-3647
97,60,-4009
98,60,-4040
99,60,-4369
100,60,-4330
101,60,-4725
102,60,-4895
103,60,-5164
65,61,2605
66,61,2495
67,61,2506
68,61,2465
69,61,2429
70,61,2348
71,61,2278
72,61,1940.997
73,61,1986.6402
74,61,1813.4189
75,61,1632.6252
76,61,1439.8173
77,61,1188.7137
78,61,1009.9277
79,61,703.4586
80,61,253.966
81,61,-437.585
82,61,-556.9276
83,61,845.1947
84,61,2322.1114
85,61,1907.0907
86,61,1601.2998
87,61,1459.7956
88,61,1136.67
89,61,651.2348
90,61,-367.0829
91,61,-1143.9318
92,61,-2033.546
93,61,-2391.0091
94,61,-2585.2402
95,61,-2833.6932
96,61,-3153.5422
97,61,-3671.4565
98,61,-3563.9318
99,61,-3870.2476
100,61,-4076.699
101,61,-4315
102,61,-4615
103,61,-4585
104,61,-4606
66,62,3255
67,62,3315
68,62,3255
69,62,3205
70,62,2966
71,62,2719
72,62,2795
73,62,2485.9024
74,62,2190.0002
75,62,1915.8089
76,62,1723.7543
77,62,1408.4747
78,62,1318.4361
79,62,1225.0937
80,62,610.3365
81,62,74.879
82,62,-133.2956
83,62,1115.1967
84,62,2528.7792
85,62,2311.3466
86,62,1987.0458
87,62,1871.1905
88,62,1449.6648
89,62,1145.3986
90,62,220.1726
91,62,-609.4402
92,62,-1200.5284
93,62,-1672.938
94,62,-1635.9877
95,62,-1772.1898
96,62,-2097.1626
97,62,-2348.9691
98,62,-2455.9585
99,62,-2602.8428
100,62,-2968.846
101,62,-3300.5203
102,62,-3625.7154
103,62,-3705
104,62,-3865
105,62,-3675
67,63,3812
68,63,3421
69,63,3594
70,63,3519
71,63,3244
72,63,3198
73,63,2959
74,63,2836.8335
75,63,2589.3169
76,63,2239.3617
77,63,1759.0614
78,63,1722.2955
79,63,1180.5246
80,63,834.8016
81,63,167.956
82,63,106.4919
83,63,1599.0169
84,63,2991.137
85,63,2693.7185
86,63,2401.2735
87,63,2237.075
88,63,1963.97
89,63,1552.4609
90,63,272.0222
91,63,-565.947
92,63,-856.9927
93,63,-1253.2916
94,63,-1236.0468
95,63,-1428.775
96,63,-1528.2959
97,63,-1751.5172
98,63,-1919.4011
99,63,-2041.7169
100,63,-2444.3835
101,63,-2762.4232
102,63,-3067.4302
103,63,-3134
104,63,-3235
105,63,-3315
106,63,-3415
69,64,3845
70,64,3745
71,64,3606
72,64,3625
73,64,3593
74,64,3292
75,64,2801
76,64,2603.7053
77,64,2342.5087
78,64,2113.3344
79,64,1724.0023
80,64,1271.5183
81,64,582.4179
82,64,471.1904
83,64,1735.2911
84,64,3271.2911
85,64,3099.3183
86,64,2807.3935
87,64,2652.2117
88,64,2203.8471
89,64,1828.0382
90,64,920.0617
91,64,81.2659
92,64,-197.2718
93,64,-688.7523
94,64,-659.3217
95,64,-795.5676
96,64,-1006.2406
97,64,-1253.4041
98,64,-1453.7869
99,64,-1605.6573
100,64,-1885.431
101,64,-2278.6545
102,64,-2416.7885
103,64,-2601.0362
104,64,-2649
105,64,-2805
106,64,-2825
107,64,-3305
108,64,-3755
70,65,3986
71,65,3876
72,65,3844
73,65,3775
74,65,3593
75,65,3336
76,65,3180.145
77,65,2765.2376
78,65,2553.9432
79,65,2192.8419
80,65,1101.0382
81,65,1120.3696
82,65,1073.7214
83,65,2657.3119
84,65,4077.9687
85,65,3586.8983
86,65,3496.1546
87,65,3155.2627
88,65,2702.7909
89,65,2210.747
90,65,977.7429
91,65,372.5738
92,65,178.7023
93,65,-157.4324
94,65,-139.1605
95,65,-178.5453
96,65,-427.5592
97,65,-1034.0023
98,65,-977.2839
99,65,-1036.4506
100,65,-1222.1641
101,65,-1510.7496
102,65,-1734.1794
103,65,-1973.9511
104,65,-2176
105,65,-2386
106,65,-2425
107,65,-2865
108,65,-3274
109,65,-3534
72,66,4174
73,66,4124
74,66,3835
75,66,3406
76,66,3115
77,66,3038
78,66,2787.2709
79,66,2556.7074
80,66,1979.6787
81,66,1610.348
82,66,1475.1987
83,66,2807.7196
84,66,4351.2892
85,66,4179.6239
86,66,3726.5401
87,66,3559.0607
88,66,2945.1204
89,66,2608.0651
90,66,1753.0013
91,66,1033.3589
92,66,874.2903
93,66,478.162
94,66,437.9921
95,66,343.4857
96,66,83.8841
97,66,-243.9163
98,66,-450.5047
99,66,-531.0627
100,66,-728.6664
101,66,-947.776
102,66,-1289.6262
103,66,-1495.1435
104,66,-1764
105,66,-1659
106,66,-2035
107,66,-2275
108,66,-2705
109,66,-2945
110,66,-3065
73,67,4157
74,67,4178
75,67,3925
76,67,3658
77,67,3447.8415
78,67,2995.8137
79,67,2896.3793
80,67,2237.1755
81,67,1952.1055
82,67,2328.9233
83,67,3392.8365
84,67,4695.0117
85,67,4507.3953
86,67,4051.6499
87,67,4041.4946
88,67,3158.8259
89,67,2753.9849
90,67,2055.8317
91,67,1544.3943
92,67,1495.9032
93,67,1283.6691
94,67,1142.6386
95,67,1005.4047
96,67,729.6389
97,67,431.0405
98,67,138.8443
99,67,384.293
100,67,-108.6208
101,67,-379.1637
102,67,-632.0761
103,67,-853.6521
104,67,-1059.6558
105,67,-1127
106,67,-1295
107,67,-1585
108,67,-1955
109,67,-2125
110,67,-2195
111,67,-2585
74,68,4576
75,68,4115
76,68,3797
77,68,3717
78,68,3373
79,68,3136.2191
80,68,2666.1783
81,68,2076.0708
82,68,2298.6889
83,68,3504.841
84,68,4934.2625
85,68,4802.3924
86,68,4279.7284
87,68,4118.3002
88,68,3481.3646
89,68,3304.6329
90,68,2665.2835
91,68,2169.9032
92,68,2040.2941
93,68,1798.4549
94,68,1648.0256
95,68,1574.8916
96,68,1304.9362
97,68,1109.2257
98,68,832.109
99,68,666.6862
100,68,553.5017
101,68,266.2097
102,68,52.0409
103,68,-231.2871
104,68,-349.0963
105,68,-483
106,68,-664
107,68,-1067
108,68,-1296
109,68,-1543
110,68,-1555
111,68,-1775
112,68,-1995
75,69,4733
76,69,4357
77,69,3770
78,69,3648
79,69,3419.5708
80,69,2755
81,69,2322
82,69,2560.5718
83,69,3845.9718
84,69,5248.3281
85,69,5093.8336
86,69,4571.909
87,69,4345.3028
88,69,3877.879
89,69,3511.2624
90,69,3044.4789
91,69,2812.45
92,69,2509.2319
93,69,2284.9983
94,69,2176.2916
95,69,2048.5664
96,69,1841.3536
97,69,1729.1689
98,69,1409.9944
99,69,1243.2228
100,69,1198.4473
101,69,850.109
102,69,644.2715
103,69,260.7614
104,69,115.0265
105,69,-51.9228
106,69,-217.6501
107,69,-313
108,69,-644
109,69,-796
110,69,-1026
111,69,-1205
112,69,-1585
113,69,-1785
78,70,3953
79,70,3485
80,70,3067
81,70,2640.5464
82,70,2783.6948
83,70,4157
84,70,5474.3142
85,70,5338.7604
86,70,4809.7648
87,70,4621.8539
88,70,4170.4374
89,70,3950.7391
90,70,3623.54
91,70,3154.4838
92,70,3057.7361
93,70,2842.3261
94,70,2627.0899
95,70,2480.9947
96,70,2315.5881
97,70,2152.5966
98,70,1937.7907
99,70,1720.9095
100,70,1735.3
101,70,1557.5217
102,70,1308.859
103,70,945.013
104,70,738.0772
105,70,597.3499
106,70,566.34
107,70,243
108,70,-153
109,70,-413
110,70,-514
111,70,-655
112,70,-1065
113,70,-1345
114,70,-1846
79,71,3859
80,71,3249
81,71,2918
82,71,3140
83,71,4399
84,71,5801.6414
85,71,5595.813
86,71,5107.8759
87,71,4790.026
88,71,4492.3962
89,71,4139.5589
90,71,3722.0137
91,71,3446.5252
92,71,3354.0735
93,71,3233.7455
94,71,3031.5512
95,71,3031.5796
96,71,2777.2156
97,71,2411.1956
98,71,2422.5813
99,71,2155.3283
100,71,2289.7352
101,71,2151.3869
102,71,1968.7241
103,71,1800.1062
104,71,1619.677
105,71,1566.305
106,71,1447.2487
107,71,1101.7242
108,71,826.6276
109,71,269.9306
110,71,347
111,71,45
112,71,-241
113,71,-555
114,71,-946
115,71,-1255
81,72,3605
82,72,3675
83,72,4808
84,72,6025.9559
85,72,5880.0072
86,72,5404.7775
87,72,5225.092
88,72,4901.8746
89,72,4679.1789
90,72,4416.2789
91,72,4139.281
92,72,3919.9548
93,72,3773.8196
94,72,3537.2584
95,72,3401.2009
96,72,3226.6973
97,72,3153.5769
98,72,2914.9303
99,72,2733.6334
100,72,2752.7192
101,72,2538.8216
102,72,2494.4298
103,72,2400.1392
104,72,2254.1128
105,72,2245.5731
106,72,2084.2391
107,72,1807.6045
108,72,1286.9306
109,72,1158.5306
110,72,1202.5871
111,72,931
112,72,796
113,72,343
114,72,51
115,72,-425
116,72,-654
117,72,-1095
82,73,3887
83,73,4996
84,73,6354.5987
85,73,6123.6044
86,73,5680.9834
87,73,5450.9341
88,73,5236.3268
89,73,5005.8799
90,73,4749.0593
91,73,4562.2214
92,73,4289.5617
93,73,4309.063
94,73,4015.4344
95,73,3823.5466
96,73,3726.8966
97,73,3458.4009
98,73,3381.0869
99,73,3317.9331
100,73,3261.068
101,73,3140.5465
102,73,2994.8969
103,73,2945.7807
104,73,2741.353
105,73,2547
106,73,2383.3065
107,73,2023.7865
108,73,1519.9228
109,73,1482.28
110,73,1340.5506
111,73,1412.1074
112,73,978.1274
113,73,738
114,73,395.6483
115,73,-35
116,73,-424
117,73,-825
118,73,-1175
119,73,-1705
83,74,5185
84,74,6612.4547
85,74,6450.8877
86,74,6065.5256
87,74,5922.8816
88,74,5678.2669
89,74,5519.2516
90,74,5278.2763
91,74,5029.5853
92,74,4856.0389
93,74,4751.1923
94,74,4500.51
95,74,4292.7302
96,74,4143.2687
97,74,3956.7502
98,74,3838.4505
99,74,3564.5912
100,74,3601.851
101,74,3373.6349
102,74,3335.7073
103,74,3285.143
104,74,3012.6016
105,74,2761.6004
106,74,2515.269
107,74,2221.8846
108,74,1764.3059
109,74,1672.4576
110,74,1649.1074
111,74,1590.1709
112,74,1116.118
113,74,954.5871
114,74,406.6565
115,74,86
116,74,-369.5342
117,74,-601
118,74,-1215
119,74,-1465
120,74,-2035
84,75,6758
85,75,6697.7533
86,75,6328.2117
87,75,6240.3702
88,75,6011.9883
89,75,5926.3426
90,75,5694.3058
91,75,5519.1536
92,75,5276
93,75,5062.9999
94,75,5013.7087
95,75,4768.8681
96,75,4675.8637
97,75,4402.1586
98,75,4311.6495
99,75,4039.6532
100,75,4007.0509
101,75,3842.1765
102,75,3702.4523
103,75,3662.3981
104,75,3399.4248
105,75,3103.0999
106,75,2772.4177
107,75,2727
108,75,2122.8775
109,75,2288.8955
110,75,2195.1007
111,75,2078.4485
112,75,1652.0823
113,75,1397.6565
114,75,990.3585
115,75,599.6717
116,75,120.2261
117,75,-104
118,75,-697
119,75,-965
120,75,-1465
121,75,-1684
122,75,-1966
123,75,-2285
85,76,7068.8572
86,76,6767.7834
87,76,6672.5656
88,76,6479.4339
89,76,6335.4935
90,76,6142.7746
91,76,5984.6624
92,76,5815.6444
93,76,5713.4159
94,76,5536.8635
95,76,5371.0583
96,76,5224.3737
97,76,5054.7005
98,76,4870.5053
99,76,4555.819
100,76,4541.0909
101,76,4346.0242
102,76,4257.9345
103,76,4187.747
104,76,3860.4949
105,76,3726.8471
106,76,3373.0407
107,76,3206.571
108,76,2958.7617
109,76,3003.1208
110,76,2821.1964
111,76,2721.7317
112,76,2143.2356
113,76,1976.1535
114,76,1375.8612
115,76,1083.8887
116,76,360.6614
117,76,-10
118,76,-491.2599
119,76,-760.3359
120,76,-1082
121,76,-1315
122,76,-1615
123,76,-1955
124,76,-2235
125,76,-2394
86,77,7069
87,77,6970
88,77,6823
89,77,6722.3507
90,77,6504.8887
91,77,6381.295
92,77,6141.0216
93,77,6230
94,77,5997
95,77,5990.5999
96,77,5715.8754
97,77,5693.1435
98,77,5430.8581
99,77,5260.0002
100,77,5081.5294
101,77,4993.8714
102,77,4781.6767
103,77,4660.4446
104,77,4381.224
105,77,4176.8591
106,77,3957.2578
107,77,3801.5924
108,77,3756.9382
109,77,3848.8777
110,77,3835.3702
111,77,3449.948
112,77,2944.4793
113,77,2748.79
114,77,2082.8062
115,77,1756.3336
116,77,1017.8763
117,77,626.3225
118,77,233.1739
119,77,-271.6095
120,77,-457.3975
121,77,-875
122,77,-1263
123,77,-1635
124,77,-1914
125,77,-2075
126,77,-2065
87,78,7453.005
88,78,7292.2662
89,78,7158.0892
90,78,6989.7297
91,78,6857.6107
92,78,6707.4081
93,78,6607.3757
94,78,6463.409
95,78,6361.3102
96,78,6183.1682
97,78,6163.6377
98,78,5884.8064
99,78,5642.8977
100,78,5572.9819
101,78,5412.3174
102,78,5276.3933
103,78,5150.0349
104,78,4950.9069
105,78,4822.0248
106,78,4598.7954
107,78,4436.9081
108,78,4319.7459
109,78,4553.4825
110,78,4006.6799
111,78,3911.587
112,78,3268.6121
113,78,3095.7631
114,78,2423.86
115,78,2082.2089
116,78,1522.8078
117,78,1176.4449
118,78,812.8492
119,78,549.7104
120,78,106.2426
121,78,-302.0194
122,78,-746.9711
123,78,-1086
124,78,-1517
125,78,-1665
126,78,-1495
127,78,-405
128,78,865
129,78,706
89,79,7588
90,79,7382
91,79,7177.3107
92,79,7085.2291
93,79,6923.3037
94,79,6836.4832
95,79,6699.2937
96,79,6583.4278
97,79,6433.4907
98,79,6297.8037
99,79,6057.9921
100,79,5981.0233
101,79,5831.3605
102,79,5751.3689
103,79,5525.4222
104,79,5465.3158
105,79,5233.8999
106,79,5179.9695
107,79,4911.9106
108,79,4748.4422
109,79,4814.6247
110,79,4328.6837
111,79,3913.8945
112,79,3326.5503
113,79,3147.8557
114,79,2619.9072
115,79,2116.7489
116,79,1716.8497
117,79,1271.9973
118,79,971.6373
119,79,526.0677
120,79,173.6501
121,79,-229.488
122,79,-561.4987
123,79,-1068
124,79,-1169.8255
125,79,-1245
126,79,-1155
127,79,25
128,79,1305
129,79,1235
130,79,945
90,80,7773.23
91,80,7667.6865
92,80,7523.8007
93,80,7378.0245
94,80,7233.2692
95,80,7072.2101
96,80,6897.1154
97,80,6736.0198
98,80,6577.346
99,80,6350.8448
100,80,6258.4894
101,80,6284.3935
102,80,5995.6845
103,80,6038.556
104,80,5660.1723
105,80,5772.9305
106,80,5204.4457
107,80,5229.7718
108,80,4709.2193
109,80,4636.8499
110,80,4068.9065
111,80,3668.5968
112,80,3384.5726
113,80,2982.3243
114,80,2697.6359
115,80,2260.0784
116,80,2037.6656
117,80,1514.5303
118,80,1380.8702
119,80,822.8961
120,80,716.3547
121,80,332.3295
122,80,133.7923
123,80,-305.4191
124,80,-515.8858
125,80,-971.9289
126,80,-678.5156
127,80,598
128,80,1930
129,80,1785
130,80,1515
131,80,1324
132,80,1095
95,81,7477.8231
96,81,7066.9981
97,81,7020.0433
98,81,6709.1387
99,81,6705.6128
100,81,6322.0712
101,81,6550.8999
102,81,5976.3946
103,81,6317.3754
104,81,5688.4793
105,81,5996.1199
106,81,5321.9796
107,81,5557.3954
108,81,4817.1285
109,81,4923.7044
110,81,4320.9137
111,81,4074.1501
112,81,3679.8238
113,81,3471.1265
114,81,3217.7026
115,81,2850.6697
116,81,2625.6917
117,81,2258.2809
118,81,2082.7481
119,81,1666.5746
120,81,1534.0571
121,81,1175.4578
122,81,907.5272
123,81,469.1081
124,81,154.9875
125,81,-325.2275
126,81,-315.9084
127,81,1215
128,81,2501
129,81,2518
130,81,2138
131,81,1934
132,81,1589
133,81,1360
96,82,7789.4724
97,82,7596.1352
98,82,7418.6542
99,82,7240.276
100,82,7065.8734
101,82,6927.9999
102,82,6774.0111
103,82,6694.9999
104,82,6471.0721
105,82,6392.7844
106,82,6108.8469
107,82,5914.7158
108,82,5697.5361
109,82,5402.3497
110,82,5221.5895
111,82,4972.2075
112,82,4737.843
113,82,4428.8935
114,82,4238.3307
115,82,3891.8643
116,82,3691.5934
117,82,3356.6915
118,82,3150.1704
119,82,2844.2822
120,82,2588.7914
121,82,2334.6679
122,82,1968.5365
123,82,1467.4514
124,82,1134.8875
125,82,392.3186
126,82,516.7129
127,82,2248.2291
128,82,3792.3827
129,82,3569.5178
130,82,3291.5622
131,82,2981
132,82,2692
133,82,2308
134,82,2065
135,82,1635
136,82,1434
137,82,1085
138,82,785
101,83,8220
102,83,8138
103,83,7756.7999
104,83,7779.0701
105,83,7263.6388
106,83,7268.165
107,83,6862.1185
108,83,6780.325
109,83,6376.9499
110,83,6306.6261
111,83,5918.2999
112,83,5832.4683
113,83,5438.3004
114,83,5365.1071
115,83,5138.7308
116,83,4932.7597
117,83,4701.1089
118,83,4500.2999
119,83,4352.9828
120,83,4109.5879
121,83,3976.3845
122,83,3690.2933
123,83,3527.3026
124,83,3281.8388
125,83,3051.0029
126,83,3137.2975
127,83,5036.4728
128,83,6750.4042
129,83,6207.2619
130,83,5988.2062
131,83,5621.2999
132,83,5282.3552
133,83,5000
134,83,4521.2357
135,83,4327
136,83,3865
137,83,3664
138,83,3116
139,83,2815
102,84,8501.1712
103,84,7978.8999
104,84,8082.2927
105,84,7694.2999
106,84,7693.2733
107,84,7493.3085
108,84,7319.625
109,84,7093.8012
110,84,6987.074
111,84,6749.673
112,84,6658.1987
113,84,6411.2605
114,84,6309.672
115,84,6074.2948
116,84,5981.6352
117,84,5799.303
118,84,5700.9575
119,84,5495.9999
120,84,5484.8964
121,84,5324.7186
122,84,5327.024
123,84,5215.8665
124,84,5215.692
125,84,4979.2314
126,84,5407.5307
127,84,7594.5602
128,84,8954.1948
129,84,8536.139
130,84,7833.5408
131,84,7526.3255
132,84,6906.3495
133,84,6662.1342
134,84,6114.7544
135,84,5914.1999
136,84,5329
137,84,5089
138,84,4432
139,84,4034
140,84,3355
106,85,7822.2726
107,85,7695.6261
108,85,7572.4246
109,85,7454.4999
110,85,7344.1362
111,85,7196.4462
112,85,7104.3928
113,85,6889.3574
114,85,6777.2734
115,85,6596.2229
116,85,6472.8382
117,85,6353.8287
118,85,6210.0934
119,85,6070.4062
120,85,6019.571
121,85,5886.5504
122,85,5872.4955
123,85,5751.1098
124,85,5756.8804
125,85,5631.1855
126,85,5982.4474
127,85,7817.0863
128,85,9254.1513
129,85,8987.8374
130,85,8177.6168
131,85,7949.705
132,85,7201.3529
133,85,6876.0822
134,85,6341.8333
135,85,6076.8447
136,85,5627.8506
137,85,5312.0741
138,85,4683
139,85,4327
140,85,3675
141,85,3285
142,85,2765
143,85,2385
107,86,8039.9999
108,86,7862.4159
109,86,7694.0999
110,86,7616.7366
111,86,7410.7546
112,86,7349.3816
113,86,7131.8922
114,86,7043.3611
115,86,6860.7498
116,86,6773.8018
117,86,6629.8682
118,86,6546.652
119,86,6386.486
120,86,6383.7351
121,86,6251.1611
122,86,6260.7403
123,86,6155.4331
124,86,6158.9884
125,86,5965.4548
126,86,6385.072
127,86,8245.15
128,86,9208.4798
129,86,8838.5865
130,86,8197.8049
131,86,7887.1691
132,86,7262.4699
133,86,6946.1921
134,86,6404.7417
135,86,6162.9859
136,86,5590.3894
137,86,5283.4618
138,86,4756.7202
139,86,4335.4705
140,86,3836.0102
141,86,3382
142,86,2908
143,86,2358
144,86,2196
145,86,1844
110,87,7896.3752
111,87,7869.272
112,87,7816.7717
113,87,7621.8374
114,87,7518.9119
115,87,7385.3686
116,87,7274.8739
117,87,7170.2862
118,87,7054.7093
119,87,6923.3316
120,87,6888.6707
121,87,6785.4078
122,87,6777.4589
123,87,6670.9639
124,87,6662.2514
125,87,6528.987
126,87,6904.6577
127,87,8588.8563
128,87,9540.4127
129,87,9174.255
130,87,8469.2686
131,87,8013.6758
132,87,7448.6065
133,87,6800.7379
134,87,6457.737
135,87,5852.9689
136,87,5561.3922
137,87,4947.95
138,87,4612.9568
139,87,4142.5952
140,87,3829.5211
141,87,3248.2873
142,87,2944
143,87,2402
144,87,2225
145,87,1768
146,87,1606
113,88,8001.5326
114,88,7880.3036
115,88,7736.2613
116,88,7636.6358
117,88,7486.3498
118,88,7415.2578
119,88,7273.1168
120,88,7273.1333
121,88,7143.0886
122,88,7150.8409
123,88,7041.6957
124,88,7031.7107
125,88,6861.6908
126,88,7272.5886
127,88,8862.4086
128,88,9525.7696
129,88,9160.5687
130,88,8540.3045
131,88,8137.9268
132,88,7593.8629
133,88,6880.3948
134,88,6677.8757
135,88,5978.9916
136,88,5788.9231
137,88,5096.7734
138,88,4870.7028
139,88,4362.8095
140,88,4070.1799
141,88,3602.9038
142,88,3344.1964
143,88,2905.7377
144,88,2828.5731
145,88,2546.746
146,88,2336
147,88,2155
116,89,8093.1999
117,89,7958.2999
118,89,7844.8999
119,89,7728.6302
120,89,7729.7872
121,89,7586.022
122,89,7567.5897
123,89,7539.6118
124,89,7498.2578
125,89,7351.864
126,89,7745.9488
127,89,9240.8187
128,89,9831.6047
129,89,9384.2563
130,89,8826.4999
131,89,8347.8172
132,89,7791.4696
133,89,7137.4413
134,89,6783.1999
135,89,6326.8999
136,89,5935.138
137,89,5506.1819
138,89,5042.2697
139,89,4721.1237
140,89,4444.4184
141,89,3892.9309
142,89,3655.4921
143,89,3345.286
144,89,3214.8682
145,89,2929.5101
146,89,2851.6694
147,89,2723.2474
148,89,2675
118,90,8202.0281
119,90,8166
120,90,8068.9919
121,90,7937.4924
122,90,7958.0367
123,90,7836.9514
124,90,7827.1772
125,90,7664.6478
126,90,8072.3838
127,90,9435.3069
128,90,9849.0906
129,90,9505.8694
130,90,8973.1556
131,90,8625.474
132,90,8132.5665
133,90,7566.6333
134,90,7298.5734
135,90,6921.3999
136,90,6452.5282
137,90,6146.5981
138,90,5520.1511
139,90,5167.5578
140,90,4770.0202
141,90,4213.431
142,90,4081.5999
143,90,3744.7638
144,90,3671.7365
145,90,3376.3498
146,90,3333.3314
147,90,3196.1195
148,90,3169
149,90,2945
120,91,8481.0817
121,91,8410.7525
122,91,8384.3916
123,91,8270.8999
124,91,8236.1363
125,91,8099.2828
126,91,8488.8028
127,91,9791.3805
128,91,10127.7574
129,91,9703.745
130,91,9247.6999
131,91,8788.5999
132,91,8343.1452
133,91,7693.6799
134,91,7400.6757
135,91,6986.8864
136,91,6580.3999
137,91,6264.5352
138,91,5834.6274
139,91,5439.4263
140,91,5149.9071
141,91,4626.9789
142,91,4374.5584
143,91,4075.5678
144,91,4101.1318
145,91,3754.616
146,91,3794.6703
147,91,3627.9328
148,91,3555
149,91,3364
150,91,3295
123,92,8587.9999
124,92,8530.6272
125,92,8426
126,92,8774.8074
127,92,9949.6039
128,92,10290
129,92,9889.2999
130,92,9481.171
131,92,9157.5821
132,92,8628.2368
133,92,8007.1594
134,92,7700.8428
135,92,7234.7157
136,92,6799.5044
137,92,6475.5112
138,92,5992.4518
139,92,5576.2769
140,92,5413.63
141,92,4908.6781
142,92,4857.5319
143,92,4678.0559
144,92,4572.9562
145,92,4233.5748
146,92,4269.8581
147,92,4129.9984
148,92,4035.3789
149,92,3817
150,92,3670
151,92,3555
126,93,9207.4978
127,93,10226.3078
128,93,10431
129,93,10200.157
130,93,9650.4434
131,93,9328.9344
132,93,8818.2451
133,93,8327.5999
134,93,7816.4881
135,93,7538
136,93,7019.8216
137,93,6778.0999
138,93,6368.3999
139,93,6011
140,93,5626.7668
141,93,5356.3467
142,93,5193.7905
143,93,5006.629
144,93,4957.273
145,93,4690.8116
146,93,4597.1881
147,93,4557.358
148,93,4362.5759
149,93,4097.9171
150,93,4044
151,93,3805
152,93,3685
127,94,10534
128,94,10740
129,94,10400
130,94,9842
131,94,9355
132,94,8932
133,94,8300
134,94,7940.2027
135,94,7598.0069
136,94,7178.4564
137,94,6838.6275
138,94,6715.998
139,94,6416.2999
140,94,6310.0537
141,94,5951.4789
142,94,5867.1471
143,94,5747.6353
144,94,5593.2729
145,94,5244.5216
146,94,5255.8215
147,94,5140.0664
148,94,4984.2282
149,94,4756.9774
150,94,4665.6077
151,94,4556
152,94,4350
153,94,4305
128,95,10838
129,95,10361
130,95,10055
131,95,9270
132,95,9096
133,95,8392
134,95,8137.3999
135,95,7630
136,95,7406
137,95,7170
138,95,7059
139,95,6800
140,95,6575.9999
141,95,6256.1999
142,95,6196
143,95,6041.6999
144,95,5922.3999
145,95,5707.1
146,95,5637.8203
147,95,5588.5003
148,95,5439.0849
149,95,5137.9904
150,95,5160.3857
151,95,5152
152,95,4922
153,95,4898
154,95,4829
135,96,8075
136,96,7800
137,96,7473.4999
138,96,7365.3254
139,96,7280
140,96,7066.9897
141,96,6770.3999
142,96,6670.301
143,96,6539.6999
144,96,6397.7981
145,96,6185.1919
146,96,6215.6349
147,96,6168.7999
148,96,5901.5999
149,96,5624.4928
150,96,5475.1197
151,96,5353.6281
152,96,5161.8109
153,96,5147.6071
154,96,5169.8993
155,96,5013
136,97,8166
137,97,8098.5999
138,97,7935
139,97,7697
140,97,7500
141,97,7330
142,97,7200
143,97,7199
144,97,6986
145,97,6906
146,97,6874.3533
147,97,6778.7999
148,97,6454.5246
149,97,6073.9824
150,97,5889.5999
151,97,5827.0015
152,97,5520.9999
153,97,5533
154,97,5650
155,97,5547
156,97,5400
139,98,8219.9999
140,98,8130
141,98,7763.4507
142,98,7710.9834
143,98,7655
144,98,7516.8626
145,98,7418
146,98,7328.9581
147,98,7258.4655
148,98,6861.6127
149,98,6502.5408
150,98,6361.1999
151,98,6293.2928
152,98,6128.5082
153,98,6176.9599
154,98,6216.9469
155,98,6125.9499
156,98,5926.8918
157,98,5736
158,98,5560
140,99,8435
141,99,8258.7789
142,99,8258.6223
143,99,8160.1152
144,99,8072.1077
145,99,7936
146,99,7909.3581
147,99,7642
148,99,7463.8478
149,99,7160
150,99,6936
151,99,6834
152,99,6597.11
153,99,6738.642
154,99,6739.2376
155,99,6617.2299
156,99,6436.3399
157,99,6225
158,99,6050
159,99,5884
141,100,8857
142,100,8697
143,100,8689.1999
144,100,8550
145,100,8440
146,100,8379.289
147,100,8257.6677
148,100,7994.7808
149,100,7709.0754
150,100,7557.0492
151,100,7424.4999
152,100,7153.7437
153,100,7197.8999
154,100,7307.2696
155,100,7240.5682
156,100,7025.2702
157,100,6863.6599
158,100,6660
159,100,6470
160,100,6300
143,101,8946.9999
144,101,9006
145,101,8888.7896
146,101,8764.3999
147,101,8497.2929
148,101,8441
149,101,8155.4227
150,101,7963.4399
151,101,7743
152,101,7573.0769
153,101,7802
154,101,7905.606
155,101,7737
156,101,7557.0699
157,101,7271.2827
158,101,7050
159,101,6940
160,101,6750
161,101,6540
146,102,9300
147,102,9170
148,102,8950
149,102,8751.714
150,102,8548.6616
151,102,8414.6374
152,102,8226.2032
153,102,8428.2098
154,102,8581.5194
155,102,8476.5999
156,102,8150
157,102,7853.9999
158,102,7700
159,102,7440
160,102,7250
161,102,7000
162,102,6820
148,103,9469
149,103,9164.3375
150,103,8917.6035
151,103,8821.8308
152,103,8555.6408
153,103,8854.5692
154,103,9067.744
155,103,8904.4827
156,103,8584
157,103,8396
158,103,8140
159,103,7990
160,103,7680
161,103,7400
162,103,7230
163,103,7570
149,104,9430
150,104,9210
151,104,9055.4615
152,104,8925.7062
153,104,9082.7769
154,104,9196.1101
155,104,9130
156,104,8900
157,104,8646.2528
158,104,8490
159,104,8252
160,104,8040
161,104,7810
162,104,7610
163,104,7890
164,104,8040
150,105,9340
151,105,9336.131
152,105,9205.8985
153,105,9436.8999
154,105,9618.7999
155,105,9501
156,105,9218
157,105,9046
158,105,8834
159,105,8560
160,105,8400
161,105,8210
162,105,7920
163,105,8260
164,105,8490
165,105,8310
152,106,9670
153,106,9765.0775
154,106,9900.5871
155,106,9713.6999
156,106,9599.8187
157,106,9403.263
158,106,9210
159,106,9051
160,106,8800
161,106,8625
162,106,8300
163,106,8577.4408
164,106,8870
165,106,8748
166,106,8620
153,107,10400.2999
154,107,10500.2083
155,107,10319.4999
156,107,10080
157,107,9860
158,107,9662
159,107,9426
160,107,9230
161,107,9020
162,107,8670
163,107,9064.4999
164,107,9419.9999
165,107,9302.9999
166,107,9110
167,107,8939.9999
155,108,10733.4999
156,108,10590.7541
157,108,10470.3244
158,108,10345.6864
159,108,10037.5052
160,108,9760
161,108,9274
162,108,9069.8978
163,108,9460
164,108,9780
165,108,9649.9999
166,108,9550
167,108,9449.9999
168,108,9240
169,108,9030
156,109,11120
157,109,10995.6467
158,109,10870
159,109,10768
160,109,10480
161,109,10180
162,109,9910
163,109,10350
164,109,10880
165,109,10595
166,109,10482.6999
167,109,10099.9999
168,109,9900
169,109,9579.9999
170,109,9380
171,109,9135
172,109,8875
173,109,8660
157,110,11776.7587
158,110,11660
159,110,11509.5104
160,110,11116.9933
161,110,10869.9743
162,110,10690
163,110,11366.8999
164,110,11660
165,110,11550
166,110,11110
167,110,10900
168,110,10420
169,110,10107
170,110,9710
171,110,9473
172,110,9145
173,110,8905
174,110,8615
161,111,11197.4272
162,111,11160
163,111,11477.8999
164,111,11870
165,111,11480
166,111,11200
167,111,10846.2999
168,111,10529.9999
169,111,10148.7999
170,111,9900
171,111,9550
172,111,9370
173,111,9035
174,111,8905
175,111,8630
164,112,11852
165,112,11622.1999
166,112,11220
167,112,10930
168,112,10690
169,112,10429.9999
170,112,10150
171,112,9888
172,112,9670
173,112,9388
174,112,9235
175,112,9115
176,112,9046
165,113,11992.7999
166,113,11640
167,113,11428
168,113,10978
169,113,10783.1999
170,113,10417
171,113,10280.0027
172,113,10009.9999
173,113,9789.9999
174,113,9650
175,113,9575
176,113,9396
177,113,9380
170,114,10700
171,114,10559.9999
172,114,10355.0663
173,114,10166.7999
174,114,10076.4873
175,114,9954.1798
176,114,9856.1659
177,114,9705
172,115,10759.9999
173,115,10649.9999
174,115,10489.9999
175,115,10409.9999
176,115,10300
177,115,10205
173,116,11100
174,116,10996.8334
175,116,10889.9999
176,116,10791.1897
177,116,10677.3271
174,117,11480
175,117,11530
176,117,11319.9999
177,117,11179.9999
175,118,11920
176,118,11867.3266
177,118,11700
