n,z,positronEmission(keV)
1,2,-1040.58982
2,2,-23218.210900000002
3,2,-22683.210900000002
4,2,-25305.627200000003
5,2,-24083.9978
1,3,21876.2762
2,3,-574.3449
3,3,-4527.2125
4,3,-12188.0207
5,3,-11685.876199999999
6,3,-17002.9191
7,3,-17166.5169
1,4,24438.0022
2,4,3266.1556
3,4,-160.10479999999995
4,4,-17026.1307
5,4,-14628.4519
6,4,-21467.1389
7,4,-21573.087600000003
8,4,-24953.813000000002
9,4,-24343.813000000002
1,5,27923.0022
2,5,10885.5573
3,5,16957.8995
4,5,46.03710000000012
5,5,-1578.8737
6,5,-12531.458499999999
7,5,-12730.3614
8,5,-18119.1293
9,5,-17312.8144
10,5,-21890.4389
11,5,-21357.437700000002
2,6,11120.7024
3,6,15472.487600000002
4,6,2626.0645
5,6,959.6911000000001
6,6,-14391.3957
7,6,-14458.9365
8,6,-21665.7904
9,6,-20106.2321
10,6,-24439.563400000003
11,6,-23706.440000000002
12,6,-27895.372
13,6,-28378.4939
14,6,-32919.9997
15,6,-33761.9978
3,7,22079.3567
4,7,12694.2491
5,7,16316.070300000001
6,7,1198.4739999999997
7,7,-1178.4742999999999
8,7,-10793.704899999999
9,7,-9032.2238
10,7,-14183.798499999999
11,7,-12828.096
12,7,-17579.497300000003
13,7,-16759.0667
14,7,-21432.9978
15,7,-22868.3961
16,7,-28471.9978
3,8,22351.2715
4,8,13653.269
5,8,16747.9528
6,8,4122.3665
7,8,1732.1862999999998
8,8,-11442.9072
9,8,-9700.8408
10,8,-14917.9816
11,8,-13545.394999999999
12,8,-18992.3239
13,8,-18191.8794
14,8,-23503.7703
15,8,-23121.056200000003
16,8,-29459.9978
17,8,-29675.9978
4,9,17893.0022
5,9,22934.6237
6,9,12689.1322
7,9,14390.1862
8,9,1738.4676999999997
9,9,633.9309999999999
10,9,-5842.3007
11,9,-4835.6327
12,9,-9131.6368
13,9,-7511.654
14,9,-12358.105
15,9,-11977.886299999998
16,9,-17016.861100000002
17,9,-17008.3833
18,9,-20557.9978
19,9,-19697.9978
5,10,22626.6237
6,10,12289.5954
7,10,13526.752900000001
8,10,3422.5071
9,10,2217.5008
10,10,-8046.4667
11,10,-6706.169
12,10,-11840.089399999999
13,10,-9461.306199999999
14,10,-14518.156099999998
15,10,-14391.667599999999
16,10,-19215.5392
17,10,-19104.5658
18,10,-23126.0557
19,10,-22772.3851
20,10,-26701.9978
21,10,-26682.9978
6,11,17197.1299
7,11,18698.3767
8,11,10155.333200000001
9,11,12870.422900000001
10,11,2524.9211999999998
11,11,1821.3265000000001
12,11,-5397.8063
13,11,-3488.2561
14,11,-8344.3085
15,11,-8363.8918
16,11,-13590.6983
17,11,-13310.0512
18,11,-16741.807
19,11,-15827.4479
20,11,-19957.5603
21,11,-19380.9978
22,11,-23371.9978
23,11,-22182.9978
7,12,17887.0117
8,12,9605.207600000002
9,12,12066.710200000001
10,12,3759.4073
11,12,3034.1812
12,12,-6537.6752
13,12,-4856.9662
14,12,-10375.7609
15,12,-10090.8015
16,12,-15053.6281
17,12,-14314.3516
18,12,-18378.040100000002
19,12,-16390.1811
20,12,-20491.0501
21,12,-19839.237800000003
22,12,-24378.7881
23,12,-23213.9978
24,12,-26544.9978
25,12,-25944.9978
26,12,-28852.9978
27,12,-28222.9978
8,13,15164.0022
9,13,17579.0022
10,13,11199.7479
11,13,12862.7682
12,13,3254.8102
13,13,2982.4064
14,13,-3632.2672000000002
15,13,-2852.7718
16,13,-8617.400099999999
17,13,-8004.7418
18,13,-12850.554699999999
19,13,-11292.465499999998
20,13,-14482.252799999998
21,13,-12342.9406
22,13,-16885.5134
23,13,-15451.7729
24,13,-19423.911
25,13,-18625.9978
26,13,-22307.9978
27,13,-21750.9978
28,13,-24531.9978
8,14,14417.0022
9,14,16180.0022
10,14,9772
11,14,11721.2978
12,14,4047.1382999999996
13,14,3790.3605
14,14,-5664.0754
15,14,-4709.317
16,14,-9590.8437
17,14,-9020.3264
18,14,-14000.318599999999
19,14,-13038.9438
20,14,-18016.0631
21,14,-15189.7482
22,14,-19408.507400000002
23,14,-17403.0743
24,14,-21661.9978
25,14,-20190.9978
26,14,-24175.9978
27,14,-22411.9978
28,14,-26171.9978
29,14,-24961.9978
9,15,22253.0022
10,15,15341.0022
11,15,17092.0022
12,15,10703.4752
13,15,13322.9429
14,15,3920.2347
15,15,3210.1086999999998
16,15,-2513.5049
17,15,-1249.185
18,15,-6845.0201
19,15,-5579.0153
20,15,-11488.3269
21,15,-8836.9172
22,15,-13446.498099999999
23,15,-11473.2634
24,15,-16116.9852
25,15,-14828.0631
26,15,-19201.9978
27,15,-16769.9978
28,15,-20310.9978
29,15,-19221.9978
30,15,-22151.9978
10,16,15685.0022
11,16,17128.0022
12,16,10199.061500000002
13,16,12836.4279
14,16,5119.6035999999995
15,16,4376.0152
16,16,-2732.6586
17,16,-1270.5057
18,16,-6404.9857
19,16,-5010.3984
20,16,-11435.094
21,16,-8922.4113
22,16,-13261.649
23,16,-11410.033899999999
24,16,-15720.658099999999
25,16,-15050.8103
26,16,-19751.5877
27,16,-18257.9978
28,16,-21335.9978
29,16,-20322.9978
30,16,-23221.9978
31,16,-22631.9978
11,17,23175.0022
12,17,16095.0022
13,17,17711.8042
14,17,10985.9812
15,17,11658.8335
16,17,4560.5204
17,17,4469.6059
18,17,-1189.3196
19,17,120.13510000000008
20,17,-5887.1236
21,17,-3958.8978
22,17,-7659.5441
23,17,-5741.9665
24,17,-9320.6094
25,17,-8216.0199
26,17,-12986.047799999998
27,17,-12296.7351
28,17,-15943.9978
29,17,-15396.9978
30,17,-17802.9978
31,17,-17691.9978
32,17,-20673.9978
11,18,22925.0022
12,18,16375.0022
13,18,17338.0022
14,18,10112.355800000001
15,18,10597.047400000001
16,18,5039.7952
17,18,4944.2451
18,18,-1731.5321
19,18,-208.12490000000003
20,18,-5938.7087
21,18,-4463.9752
22,18,-8504.0794
23,18,-6782.3158
24,18,-10612.905999999999
25,18,-8872.297999999999
26,18,-13216.284699999998
27,18,-12530.254599999998
28,18,-17058.304
29,18,-16808.9978
30,18,-19096.9978
31,18,-18821.9978
32,18,-21951.9978
33,18,-21801.9978
34,18,-24760.9978
12,19,21913.0022
13,19,23168.0022
14,19,15903.0022
15,19,16136.0022
16,19,10852.397700000001
17,19,11792.3629
18,19,5125.4797
19,19,4892.0693
20,19,-1586.9978
21,19,482.4053
22,19,-3514.0370000000003
23,19,-1621.3505
24,19,-5587.5814
25,19,-4130.2353
26,19,-7866.84
27,19,-6664.6724
28,19,-11366.7056
29,19,-10951.5528
30,19,-13572.9978
31,19,-13519.9978
32,19,-17047.9978
33,19,-16779.9978
34,19,-20107.9978
35,19,-18731.9978
13,20,22467.0022
14,20,15088.0022
15,20,15341.0022
16,20,9944.0177
17,20,10642.133600000001
18,20,5720.2585
19,20,5502.491
20,20,-2332.9029
21,20,-600.3571999999999
22,20,-4547.2604
23,20,-2855.4761
24,20,-6709.2297
25,20,-5218.5846
26,20,-8747.678
27,20,-7654.6815
28,20,-12962.3835
29,20,-12710.5047
30,20,-14883.375199999999
31,20,-14838.850699999999
32,20,-18150.640900000002
33,20,-18113.9831
34,20,-21031.9978
35,20,-20142.9978
36,20,-22512.9978
37,20,-21710.9978
38,20,-24482.9978
39,20,-23961.9978
14,21,20888.0022
15,21,21579.0022
16,21,15894.0022
17,21,16787.0022
18,21,12087.982600000001
19,21,13301.051500000001
20,21,5473.5504
21,21,5404.2926
22,21,1198.7248999999997
23,21,2630.697
24,21,-1282.0888
25,21,355.9687
26,21,-3014.1748
27,21,-1301.2133
28,21,-6284.4423
29,21,-5969.8881
30,21,-7940.041
31,21,-7279.2867
32,21,-10403.8449
33,21,-10299.344099999998
34,21,-13213.7307
35,21,-13027.4558
36,21,-15841.9978
37,21,-14970.9978
38,21,-17660.9978
39,21,-16571.9978
40,21,-19531.9978
15,22,20368.0022
16,22,14597.0022
17,22,15651.0022
18,22,10507.9161
19,22,11922.823600000002
20,22,5994.6518
21,22,5850.5613
22,22,-754.549
23,22,1040.0573
24,22,-3388.6238000000003
25,22,-1622.7672
26,22,-5010.8663
27,22,-3023.563
28,22,-7916.7448
29,22,-7504.61
30,22,-9976.134999999998
31,22,-9133.8763
32,22,-12327.876699999999
33,22,-12012.3586
34,22,-14929.1448
35,22,-14044.1935
36,22,-16460.0973
37,22,-16071.9978
38,22,-18570.9978
39,22,-17891.9978
40,22,-20531.9978
41,22,-19951.9978
16,23,19048.0022
17,23,20441.0022
18,23,14986.0022
19,23,16463.0022
20,23,10377.2355
21,23,12718.509300000002
22,23,6101.8269
23,23,6030.3745
24,23,1908.5443999999998
25,23,2992.9489
26,23,-420.1423
27,23,1186.6295999999998
28,23,-3492.138
29,23,-2987.3318
30,23,-5992.2397
31,23,-5176.4526000000005
32,23,-8314.6651
33,23,-7782.4029
34,23,-11055.212599999999
35,23,-10534.912999999999
36,23,-12752.9978
37,23,-12009.701799999999
38,23,-14828.9978
39,23,-14034.9978
40,23,-16901.9978
41,23,-15861.9978
42,23,-18341.9978
17,24,19078.0022
18,24,13657.0022
19,24,14924.0022
20,24,9364.182700000001
21,24,11349.6422
22,24,6582.3286
23,24,6421.9791
24,24,634.6940000000001
25,24,1607.8069
26,24,-2060.1218
27,24,-269.60709999999995
28,24,-4998.474099999999
29,24,-4457.9403999999995
30,24,-8059.1096
31,24,-7007.1855000000005
32,24,-10123.7248
33,24,-9111.9192
34,24,-12583.2218
35,24,-11527.3115
36,24,-14843.096399999999
37,24,-13341.378499999999
38,24,-16661.4456
39,24,-15460.1564
40,24,-18341.9978
41,24,-17221.9978
42,24,-19861.9978
43,24,-18547.9978
18,25,18318.0022
19,25,19860.0022
20,25,13513.0022
21,25,16031.8248
22,25,10974.718900000002
23,25,12502.671400000001
24,25,6690.4286999999995
25,25,6612.4798
26,25,2185.4915
27,25,3686.1236
28,25,-424.72989999999993
29,25,355.13469999999995
30,25,-3624.2161
31,25,-2648.5362
32,25,-5983.2924
33,25,-4857.7585
34,25,-8431.3955
35,25,-7081.4435
36,25,-10267.625499999998
37,25,-8693.350999999999
38,25,-11730.758899999999
39,25,-10371.06
40,25,-13678.9978
41,25,-12631.9978
42,25,-15332.9978
43,25,-14251.9978
44,25,-16751.9978
45,25,-15831.9978
19,26,18366.0022
20,26,12606.0022
21,26,14415.0022
22,26,10266.0707
23,26,11847.197900000001
24,26,7128.4289
25,26,7032.0422
26,26,1357.2934
27,26,2720.8686
28,26,-1718.3665999999998
29,26,-790.8774
30,26,-4717.4951
31,26,-3717.7353000000003
32,26,-7349.7005
33,26,-6161.6268
34,26,-9467.2261
35,26,-8200.370799999999
36,26,-11376.0898
37,26,-9770.566299999999
38,26,-13002.509499999998
39,26,-11272.5554
40,26,-14339.452099999999
41,26,-13149.9978
42,26,-15998.9978
43,26,-14860.9978
44,26,-17461.9978
45,26,-16331.9978
46,26,-19101.9978
47,26,-18310.9978
20,27,16728.0022
21,27,18716.0022
22,27,13949.0022
23,27,15865.0588
24,27,11825.0411
25,27,12966.118900000001
26,27,7266.1095
27,27,7222.55
28,27,2429.4276
29,27,3544.6476999999995
30,27,-185.63890000000004
31,27,1285.9807
32,27,-2586.8782
33,27,-1259.2611
34,27,-4999.6737
35,27,-3568.3405000000002
36,27,-7237.9216
37,27,-5844.8876
38,27,-8989.3014
39,27,-7362.6922
40,27,-10635.3656
41,27,-8767.9978
42,27,-12207.9978
43,27,-10656.9978
44,27,-13461.9978
45,27,-12071.9978
46,27,-15001.9978
47,27,-13902.9978
48,27,-16882.9978
49,27,-16091.9978
20,28,15426.0022
21,28,17287.0022
22,28,13108.0022
23,28,14670.0022
24,28,10762.1252
25,28,12006.550700000002
26,28,7709.758000000001
27,28,7672.0372
28,28,1110.8710999999998
29,28,2239.6992
30,28,-1403.5767
31,28,51.007200000000125
32,28,-3844.8036
33,28,-2345.8482
34,28,-6344.0382
35,28,-4683.3363
36,28,-8328.589899999999
37,28,-6962.5889
38,28,-10619.75
39,28,-9442.902499999998
40,28,-12843.229599999999
41,28,-10615.206199999999
42,28,-13710.902699999999
43,28,-12058.3031
44,28,-14947.9978
45,28,-13160.9978
46,28,-16181.9978
47,28,-14701.9978
48,28,-17551.9978
49,28,-16461.9978
50,28,-20581.9978
23,29,19658.0022
24,29,15469.0022
25,29,17016.0022
26,29,12678.5607
27,29,14255.918500000002
28,29,7752.948799999999
29,29,7539.022599999999
30,29,3776.3808
31,29,5105.9832
32,29,1215.9685
33,29,2936.8986999999997
34,29,-1088.9746
35,29,652.6178000000001
36,29,-3159.8786
37,29,-1273.9936
38,29,-4598.8632
39,29,-3125.2183
40,29,-6779.5628
41,29,-4784.5100999999995
42,29,-8326.8967
43,29,-6578.9359
44,29,-9901.283399999998
45,29,-8327.9978
46,29,-11251.9978
47,29,-9812.9978
48,29,-12534.9978
49,29,-10931.9978
50,29,-15269.9978
51,29,-14461.9978
52,29,-16841.9978
53,29,-16031.9978
24,30,14516.0022
25,30,16344.0022
26,30,12218.0022
27,30,13737.0022
28,30,8346.981800000001
29,30,8120.7782
30,30,3148.7943999999998
31,30,4613.1587
32,30,597.457
33,30,2344.4413999999997
34,30,-1601.5974
35,30,329.6549000000001
36,30,-3662.9374000000003
37,30,-1582.8204
38,30,-5462.1093
39,30,-3703.6832
40,30,-7610.3653
41,30,-5639.6495
42,30,-9384.4861
43,30,-7627.9637
44,30,-10772.5055
45,30,-9110.6945
46,30,-12343.394199999999
47,30,-10948.3728
48,30,-13715.7658
49,30,-12046.260699999999
50,30,-15990.9978
51,30,-15310.9978
52,30,-17605.9978
53,30,-16921.9978
54,30,-19131.9978
25,31,20528.0022
26,31,16118.0022
27,31,17737.0022
28,31,12434.0022
29,31,13562.0022
30,31,8192.246000000001
31,31,8159.0688
32,31,4644.3315999999995
33,31,6149.1934
34,31,2232.5402
35,31,4153.5022
36,31,-20.77769999999998
37,31,1899.1021999999998
38,31,-1931.9112
39,31,-367.3999
40,31,-3832.3383
41,31,-1464.787
42,31,-5127.9307
43,31,-3314.9035
44,31,-6923.7209
45,31,-5015.6219
46,31,-8225.1473
47,31,-7242.841100000001
48,31,-10138.051399999998
49,31,-8597.0531
50,31,-12450.2902
51,31,-11638.762999999999
52,31,-13988.9978
53,31,-13285.9978
54,31,-15665.9978
55,31,-14720.9978
26,32,14938.0022
27,32,16368.0022
28,32,11038.0022
29,32,12323.0022
30,32,8825.0022
31,32,8603.8809
32,32,3495.3259
33,32,5157.2653
34,32,1094.6900999999998
35,32,3183.4402
36,32,-914.7423
37,32,1205.1477
38,32,-2673.8839
39,32,-789.528
40,32,-5019.6241
41,32,-2620.1867
42,32,-6394.8227
43,32,-4418.3315
44,32,-7938.2479
45,32,-6242.5154
46,32,-9179.9707
47,32,-8000.822
48,32,-11333.637499999999
49,32,-9685.7313
50,32,-13506.3475
51,32,-12741.311399999999
52,32,-15076.296699999999
53,32,-14401.365699999998
54,32,-16661.9978
55,32,-15741.9978
56,32,-18150.9978
27,33,20868.0022
28,33,15568.0022
29,33,16698.0022
30,33,12399.0022
31,33,13761.0022
32,33,8519.1692
33,33,8559.959200000001
34,33,5064.488
35,33,7062.2737
36,33,2966.4948999999997
37,33,5206.0652
38,33,991.4022000000001
39,33,3334.1040999999996
40,33,-677.2219
41,33,1540.3892999999998
42,33,-2199.2279
43,33,-100.48329999999999
44,33,-3725.462
45,33,-1976.9092
46,33,-5130.8992
47,33,-3701.2847
48,33,-7263.6167000000005
49,33,-5712.3501
50,33,-9714.8871
51,33,-8727.1307
52,33,-11087.7231
53,33,-10584.2207
54,33,-13049.9978
55,33,-11951.9978
56,33,-14511.9978
57,33,-13541.9978
29,34,15628.0022
30,34,11651.0022
31,34,12895.0022
32,34,9343.0022
33,34,8984.9403
34,34,3683.0807999999997
35,34,5655.4694
36,34,1382.0758999999998
37,34,3724.7442
38,34,-660.3784
39,34,1703.3626
40,34,-2375.1445
41,34,-157.28390000000002
42,34,-3982.5734
43,34,-1705.1605
44,34,-5230.9797
45,34,-3303.3827
46,34,-6566.8839
47,34,-4877.7028
48,34,-8510.4655
49,34,-6693.2095
50,34,-11116.160199999998
51,34,-10246.490699999998
52,34,-12563.0234
53,34,-11830.216999999999
54,34,-14455.9978
55,34,-13483.9978
56,34,-15831.9978
57,34,-15101.9978
58,34,-17365.9978
30,35,15507.0022
31,35,17069.0022
32,35,13029.0022
33,35,14376.0022
34,35,9153.2386
35,35,9482.2749
36,35,5622.0905
37,35,7784.440599999999
38,35,3559.6116999999995
39,35,5903.0514
40,35,2040.4715999999999
41,35,3940.8832
42,35,342.68140000000005
43,35,2551.7858
44,35,-1172.5994
45,35,848.4644999999999
46,35,-2610.0295
47,35,-926.7794
48,35,-4695.1758
49,35,-2857.3616
50,35,-7183.8313
51,35,-6151.0838
52,35,-8487.5504
53,35,-7853.7618
54,35,-10303.870799999999
55,35,-9222.081199999999
56,35,-11549.169399999999
57,35,-10530.9978
58,35,-13051.9978
59,35,-11867.9978
60,35,-14411.9978
31,36,15956.0022
32,36,12143.0022
33,36,13097.0022
34,36,9303.0022
35,36,9153.217700000001
36,36,4099.1705
37,36,6072.0309
38,36,1934.3195
39,36,3761.3902
40,36,253.3746
41,36,2043.3685
42,36,-1748.1131
43,36,603.7800000000001
44,36,-3026.4277
45,36,-741.1460999999999
46,36,-4115.1163
47,36,-1998.92
48,36,-5678.2488
49,36,-3926.86
50,36,-8655.4125
51,36,-7839.8433
52,36,-9997.326
53,36,-9283.5209
54,36,-11980.951099999998
55,36,-10888.670199999999
56,36,-13558.5139
57,36,-12267.765099999999
58,36,-14719.9978
59,36,-13330.9978
60,36,-15893.9978
61,36,-14444.9978
62,36,-17091.9978
34,37,13015.0022
35,37,14589.0022
36,37,9518.149000000001
37,37,9393.8302
38,37,6082.9321
39,37,7512.6194000000005
40,37,4316.9538
41,37,6220.8582
42,37,2617.5135999999998
43,37,4695.9807
44,37,1217.4975999999997
45,37,3381.9846
46,37,-101.99389999999994
47,37,1658.373
48,37,-1708.9978
49,37,-503.32439999999997
50,37,-4910.2684
51,37,-3939.7068
52,37,-6198.602
53,37,-5428.3111
54,37,-7793.0726
55,37,-7025.1188
56,37,-9505.895499999999
57,37,-8237.0092
58,37,-10753.3846
59,37,-9294.667099999999
60,37,-12117.6438
61,37,-11270.9978
62,37,-13742.9978
63,37,-12817.9978
64,37,-15008.9978
35,38,13039.0022
36,38,10067.0022
37,38,9578.0022
38,38,5209.4454
39,38,6005.0588
40,38,2739.4800999999998
41,38,4301.1161999999995
42,38,842.0112
43,38,2906.5717
44,38,-844.2475
45,38,1251.0261
46,38,-1912.6036
47,38,42.05319999999995
48,38,-2798.095
49,38,-1304.2727
50,38,-6334.6221000000005
51,38,-5518.6256
52,38,-7607.3699
53,38,-6928.8988
54,38,-9116.919
55,38,-8487.9412
56,38,-11304.9275
57,38,-10248.974999999999
58,38,-12585.8948
59,38,-11083.5273
60,38,-13075.2339
61,38,-12419.3745
62,38,-14573.618199999999
63,38,-13779.4947
64,38,-15928.9969
65,38,-15141.9978
66,38,-17331.9978
36,39,13777.0022
37,39,14976.0022
38,39,10343.0022
39,39,9979.0022
40,39,6654.7312999999995
41,39,8141.3072
42,39,4793.2178
43,39,6923.9672
44,39,3569.9457
45,39,5733.1433
46,39,2239.1605999999997
47,39,4218.0022
48,39,839.6916
49,39,2600.6022
50,39,-2524.1735
51,39,-1567.9652
52,39,-3721.3692
53,39,-2971.1215
54,39,-5163.3096000000005
55,39,-4527.7495
56,39,-7112.6506
57,39,-6433.7358
58,39,-8556.7785
59,39,-6888.3569
60,39,-9147.2015
61,39,-8525.7343
62,39,-10751.8699
63,39,-10035.327899999998
64,39,-12198.9978
65,39,-11341.9978
66,39,-13401.9978
67,39,-12511.9978
68,39,-14741.9978
37,40,13817.0022
38,40,10301.0022
39,40,10011.0022
40,40,5366.0022
41,40,7166.5025
42,40,3428.0362999999998
43,40,5272.0147
44,40,1450.7493
45,40,3644.9374
46,40,292.07849999999996
47,40,2649.2427
48,40,-351.8429
49,40,1811.2307
50,40,-3297.6328000000003
51,40,-2566.2688
52,40,-4664.5271999999995
53,40,-3916.8701
54,40,-5939.8567
55,40,-5474.0009
56,40,-8130.8719
57,40,-7843.236
58,40,-10015.007599999999
59,40,-7994.9376
60,40,-10073.492699999999
61,40,-9128.1981
62,40,-11430.783399999998
63,40,-10373.957799999998
64,40,-12659.9978
65,40,-11909.9978
66,40,-13980.9978
67,40,-13071.9978
68,40,-15191.9978
69,40,-14271.9978
38,41,14098.0022
39,41,15317.0022
40,41,10142.0022
41,41,10782.0022
42,41,7276.751499999999
43,41,9205.851900000001
44,41,5873.5142
45,41,7812.9649
46,41,4450.6557999999995
47,41,6435.3209
48,41,3230.2213
49,41,5089.0187
50,41,235.5666
51,41,983.7357000000001
52,41,-1112.8101
53,41,-121.72939999999994
54,41,-2148.329
55,41,-1185.9682
56,41,-3688.1016
57,41,-3264.8525
58,41,-5740.6714
59,41,-4440.5076
60,41,-6752.4989000000005
61,41,-5738.8358
62,41,-8241.6718
63,41,-7115.3345
64,41,-9479.2706
65,41,-8474.9978
66,41,-10725.9978
67,41,-9616.9978
68,41,-11981.9978
69,41,-11111.9978
70,41,-13501.9978
71,41,-12671.9978
72,41,-14891.9978
39,42,13878.0022
40,42,10418.0022
41,42,10251.0022
42,42,6002.0022
43,42,7747.926
44,42,4001.1359
45,42,5967.6779
46,42,2463.0043
47,42,4588.8126999999995
48,42,1467.0187
49,42,3407.1956
50,42,-1377.2946
51,42,-616.2369
52,42,-3067.0141
53,42,-1947.5987
54,42,-4214.0568
55,42,-2963.9016
56,42,-5613.3659
57,42,-4656.7600999999995
58,42,-7423.7807
59,42,-5650.4615
60,42,-8284.5986
61,42,-6947.6617
62,42,-9554.749
63,42,-8437.2389
64,42,-10947.322699999999
65,42,-9843.168099999999
66,42,-12226.0976
67,42,-10991.482899999999
68,42,-13247.898
69,42,-12001.9978
70,42,-14431.9978
71,42,-13461.9978
72,42,-15741.9978
73,42,-14691.9978
74,42,-17001.9978
40,43,13998.0022
41,43,15448.0022
42,43,10638.0022
43,43,11519.0022
44,43,8172.7678000000005
45,43,9994.253700000001
46,43,6598.0896999999995
47,43,8425.820300000001
48,43,5200.179
49,43,6860.8863
50,43,2178.9651
51,43,3233.7497999999996
52,43,668.5197
53,43,1951.2433
54,43,-701.7338
55,43,661.7686
56,43,-2379.7608999999998
57,43,-849.9202
58,43,-3846.6389
59,43,-2034.0535
60,43,-4671.5867
61,43,-3177.219
62,43,-5977.5135
63,43,-4670.2472
64,43,-7226.9899000000005
65,43,-6195.5308
66,43,-8645.5416
67,43,-7520.7469
68,43,-10106.859799999998
69,43,-8800.9978
70,43,-11183.9978
71,43,-9941.9978
72,43,-12268.9978
73,43,-11024.9978
74,43,-13471.9978
75,43,-11941.9978
76,43,-14611.9978
41,44,14198.0022
42,44,10778.0022
43,44,10938.0022
44,44,6309.0022
45,44,8003.434899999999
46,44,4818.8973
47,44,6724.8268
48,44,3602.4943999999996
49,44,5367.3951
50,44,552.7317999999999
51,44,1541.5983
52,44,-1280.7347
53,44,81.87440000000004
54,44,-2814.6553
55,44,-1319.5134
56,44,-4228.4379
57,44,-2635.5178
58,44,-5555.5112
59,44,-3685.2452000000003
60,44,-6618.7923
61,44,-4670.2374
62,44,-7568.9978
63,44,-6134.5963
64,44,-8760.571399999999
65,44,-7477.6245
66,44,-10060.063199999999
67,44,-8782.647799999999
68,44,-11393.938699999999
69,44,-10078.2652
70,44,-12642.916799999999
71,44,-11330.9978
72,44,-13876.9978
73,44,-12371.9978
74,44,-14731.9978
75,44,-12931.9978
76,44,-15741.9978
77,44,-14101.9978
78,44,-16496.9978
43,45,16457.0022
44,45,11697.0022
45,45,12228.0022
46,45,8648.0022
47,45,10280.1177
48,45,7182.9158
49,45,8653.9811
50,45,4095.1445000000003
51,45,5370.6551
52,45,2501.0022
53,45,4027.6551
54,45,1018.8654
55,45,2614.2634
56,45,-476.31319999999994
57,45,1301.1209
58,45,-1786.5356
59,45,114.42169999999999
60,45,-2938.7249
61,45,-1061.4016
62,45,-4023.1435
63,45,-2391.7495
64,45,-5282.7936
65,45,-3778.0616
66,45,-6540.5434000000005
67,45,-5122.1768
68,45,-7921.1254
69,45,-6511.06
70,45,-9145.9305
71,45,-7688.823
72,45,-10428.8853
73,45,-8908.9978
74,45,-11764.9978
75,45,-9920.9978
76,45,-12651.9978
77,45,-11120.9978
78,45,-13661.9978
79,45,-12141.9978
80,45,-14481.9978
44,46,10902.0022
45,46,11378.0022
46,46,7198.0022
47,46,9008.0022
48,46,5783.345
49,46,7352.7056999999995
50,46,2482.3149
51,46,3769.714
52,46,832.2352999999999
53,46,2379.6625
54,46,-643.5400999999999
55,46,958.2855000000001
56,46,-2141.6448
57,46,-447.2726
58,46,-3457.7767
59,46,-1588.6325
60,46,-4566.8843
61,46,-2530.9405
62,46,-5515.0574
63,46,-3629.2305
64,46,-6524.2094
65,46,-4704.0131
66,46,-7611.9852
67,46,-5845.5537
68,46,-8802.069
69,46,-7218.5916
70,46,-10117.2817
71,46,-8549.1291
72,46,-11523.516
73,46,-9606.472899999999
74,46,-12681.9978
75,46,-10954.200799999999
76,46,-13758.9978
77,46,-12260.9978
78,46,-14711.9978
79,46,-13151.9978
80,46,-15611.9978
81,46,-14511.9978
82,46,-18071.9978
45,47,16227.0022
46,47,11560.0022
47,47,12678.0022
48,47,9038.0022
49,47,10649.776300000001
50,47,5879.8277
51,47,7232.5629
52,47,4448.3807
53,47,6052.7052
54,47,3075.7627999999995
55,47,4634.2636999999995
56,47,1632.2799999999997
57,47,3256.6551
58,47,325.05859999999996
59,47,1943.1455999999998
60,47,-1056.0436
61,47,895.426
62,47,-2134.9447
63,47,-148.39959999999996
64,47,-3251.5585
65,47,-1284.6875
66,47,-4458.323
67,47,-2462.462
68,47,-5578.7625
69,47,-3733.6356
70,47,-6780.0262
71,47,-5187.4422
72,47,-8260.4794
73,47,-6393.9054
74,47,-9242.491199999999
75,47,-7511.947
76,47,-10160.8301
77,47,-8851.9978
78,47,-11581.9978
79,47,-9951.9978
80,47,-12450.9978
81,47,-11341.9978
82,47,-15011.9978
83,47,-14189.9978
84,47,-16031.9978
46,48,10940.0022
47,48,11828.0022
48,48,7918.0022
49,48,9148.0022
50,48,4408.0022
51,48,5759.3533
52,48,2921.3761999999997
53,48,4475.9208
54,48,1565.0022
55,48,3129.0783
56,48,126.08090000000004
57,48,1715.0011
58,48,-1211.7512
59,48,394.3763
60,48,-2667.6289
61,48,-806.8976
62,48,-3912.6611000000003
63,48,-2058.7978
64,48,-5013.1260999999995
65,48,-3038.4593
66,48,-6106.1211
67,48,-4123.8908
68,48,-7191.8226
69,48,-5258.4768
70,48,-8169.8447
71,48,-6353.1777
72,48,-9327.851299999998
73,48,-7693.0035
74,48,-10528.264
75,48,-8867.6004
76,48,-11491.4836
77,48,-9850.148899999998
78,48,-12556.9978
79,48,-11113.9978
80,48,-13549.9978
81,48,-12273.9978
82,48,-16241.9978
83,48,-15483.9978
84,48,-17086.9978
85,48,-16080.9978
47,49,16460.0022
48,49,12322.0022
49,49,12708.0022
50,49,7533.0022
51,49,8994.4514
52,49,6269.5664
53,49,7942.808099999999
54,49,4997.2315
55,49,6763.7188
56,49,3671.2695000000003
57,49,5502.0053
58,49,2401.6608
59,49,4110.5966
60,49,992.8068999999999
61,49,2856.0022
62,49,-161.80060000000003
63,49,1562.7327999999998
64,49,-1345.8348
65,49,423.129
66,49,-2473.8746
67,49,-559.2673
68,49,-3546.6359
69,49,-1548.5255
70,49,-4743.7175
71,49,-2792.3732
72,49,-5782.7542
73,49,-3980.9743000000003
74,49,-7036.8481
75,49,-5190.3398
76,49,-8086.2155
77,49,-6575.6478
78,49,-9160.6956
79,49,-7973.8694000000005
80,49,-10734.7449
81,49,-9810.929999999998
82,49,-13834.606699999998
83,49,-12968.122099999999
84,49,-14571.9978
85,49,-13531.9978
86,49,-15311.9978
49,50,12378.0022
50,50,6008.0022
51,50,7217.2792
52,50,4738.0022
53,50,6518.0022
54,50,3533.6196
55,50,5280.5829
56,50,2232.4543
57,50,4032.4303
58,50,1027.8815999999997
59,50,2837.3475
60,50,-394.0209
61,50,1431.4714
62,50,-1686.9202
63,50,16.996299999999906
64,50,-3011.9259
65,50,-1519.487
66,50,-4298.2182
67,50,-2476.7051
68,50,-5446.6642
69,50,-3388.3241000000003
70,50,-6391.9978
71,50,-4384.0309
72,50,-7390.5899
73,50,-5407.6467
74,50,-8385.6948
75,50,-6503.3473
76,50,-9227.7563
77,50,-7611.6788
78,50,-10193.310899999999
79,50,-8777.705899999999
80,50,-11247.684799999999
81,50,-10262.2073
82,50,-15156.9978
83,50,-14205.9978
84,50,-15485.9978
85,50,-14543.9978
86,50,-16221.9978
87,50,-15341.9978
51,51,12813.0022
52,51,9400.0022
53,51,11310.0022
54,51,8300.5125
55,51,9858.3986
56,51,6836.9925
57,51,8602.610100000002
58,51,5357.1962
59,51,7370.2501999999995
60,51,4079.8361999999997
61,51,6034.0782
62,51,2889.1659
63,51,5041.1211
64,51,2008.4357999999997
65,51,3681.9613
66,51,736.1809999999999
67,51,2634.6414999999997
68,51,-432.5526
69,51,1658.6097999999997
70,51,-1424.5284
71,51,583.7505
72,51,-2430.2057
73,51,-409.5911
74,51,-3383.4344
75,51,-1399.9978
76,51,-4250.7137999999995
77,51,-2290.4197
78,51,-5060.7852
79,51,-3175.4680000000003
80,51,-5738.8306
81,51,-4110.7258
82,51,-9071.6206
83,51,-8607.2431
84,51,-10080.0778
85,51,-9358.9978
86,51,-10932.9978
87,51,-10161.9978
88,51,-11761.9978
89,51,-10921.9978
52,52,8646.0022
53,52,10181.9847
54,52,7231.544499999999
55,52,8974.0022
56,52,5641.6668
57,52,7513.589300000001
58,52,4197.9262
59,52,6227.2618999999995
60,52,3009.4572
61,52,5047.9303
62,52,1584.942
63,52,3918.6468999999997
64,52,536.2294
65,52,2522.0656
66,52,-716.5518999999999
67,52,1271.0022
68,52,-1967.0249
69,52,34.048400000000015
70,52,-3001.075
71,52,-970.085
72,52,-3927.0708
73,52,-1788.6978
74,52,-4693.0298999999995
75,52,-2604.2008
76,52,-5385.9397
77,52,-3397.4978
78,52,-6089.2706
79,52,-4251.6077
80,52,-6574.9133
81,52,-5035.6176
82,52,-9536.746099999998
83,52,-9060.455899999999
84,52,-10940.387499999999
85,52,-10265.3676
86,52,-12067.9978
87,52,-11176.9978
88,52,-12998.9978
89,52,-12150.9978
90,52,-13960.9978
53,53,13898.0022
54,53,10205.0022
55,53,11989.0022
56,53,9020.8963
57,53,10739.9788
58,53,7611.694399999999
59,53,9482.181700000001
60,53,6205.5232
61,53,8228.743900000001
62,53,4702.965
63,53,6821.141
64,53,3634.9343
65,53,5697.7037
66,53,2382.8102
67,53,4593.0022
68,53,1275.4636999999998
69,53,3212.0022
70,53,206.39199999999994
71,53,2137.5892
72,53,-836.2278
73,53,1131.6734000000001
74,53,-1724.7177000000001
75,53,233.76560000000006
76,53,-2524.2897
77,53,-605.2262000000001
78,53,-3253.7035
79,53,-1537.3024
80,53,-3942.1668
81,53,-2531.6853
82,53,-7072.3872
83,53,-6141.9433
84,53,-8074.5041
85,53,-7305.9127
86,53,-9287.8813
87,53,-8260.7712
88,53,-10278.9978
89,53,-9274.9978
90,53,-11280.9978
91,53,-10131.9978
92,53,-12141.9978
54,54,9117.0022
55,54,10480.9611
56,54,7523.2097
57,54,9412.0022
58,54,6014.9932
59,54,7893.8924
60,54,4531.0382
61,54,6659.0497
62,54,3351.7785999999996
63,54,5231.2235
64,54,1869.9915
65,54,3961.2455
66,54,552.7282000000001
67,54,2742.6547
68,54,-297.70410000000004
69,54,1672.3323999999998
70,54,-1324.8479
71,54,614.6654
72,54,-2257.8882
73,54,-359.66419999999994
74,54,-3144.5019
75,54,-1210.8914
76,54,-3966.2842
77,54,-1992.8455
78,54,-4597.4707
79,54,-2808.279
80,54,-5104.3924
81,54,-3656.1829000000002
82,54,-7905.9433
83,54,-7049.1433
84,54,-9014.3324
85,54,-8195.6202
86,54,-10402.236599999998
87,54,-9292.6408
88,54,-11448.677
89,54,-10434.9978
90,54,-12563.9978
91,54,-11384.9978
92,54,-13436.9978
93,54,-12220.9978
56,55,10598.0022
57,55,12590.0022
58,55,9417.089800000002
59,55,11377.972800000001
60,55,7935.0022
61,55,9982.0022
62,55,6670.2483999999995
63,55,8647.692700000001
64,55,5467.4291
65,55,7261.7879
66,55,4356.6571
67,55,6188.2217
68,55,3182.6034
69,55,4904.3467
70,55,2087.6205999999997
71,55,3773.7061000000003
72,55,1058.8584
73,55,2906.7639
74,55,175.02190000000007
75,55,1958.7221
76,55,-663.9969
77,55,1104.2835
78,55,-1449.3578
79,55,212.6713000000001
80,55,-2190.5895
81,55,-931.6827
82,55,-5184.356
83,55,-3936.7817
84,55,-6078.5001
85,55,-5085.2746
86,55,-7302.0401
87,55,-6306.9056
88,55,-8494.6343
89,55,-7421.0584
90,55,-9583.084499999999
91,55,-8377.427599999999
92,55,-10541.9978
93,55,-9282.9978
94,55,-11321.9978
95,55,-10201.9978
57,56,11033.0022
58,56,7758.4937
59,56,9757.0022
60,56,6641.0022
61,56,8013.196499999999
62,56,5188.0022
63,56,6692.9673
64,56,3978.0022
65,56,5335.497
66,56,2513.8192
67,56,4366.6956
68,56,1629.277
69,56,3398.7685
70,56,658.7719000000001
71,56,2400.0741
72,56,-459.38069999999993
73,56,1416.1864999999998
74,56,-1379.0197
75,56,354.61800000000005
76,56,-2304.2077
77,56,-504.56679999999994
78,56,-3080.8346
79,56,-1290.6961000000001
80,56,-3570.2219
81,56,-2197.6263
82,56,-6396.7754
83,56,-5234.8271
84,56,-7240.1647
85,56,-6277.1388
86,56,-8349.6985
87,56,-7283.6843
88,56,-9517.7657
89,56,-8483.7569
90,56,-10577.885999999999
91,56,-9365.9609
92,56,-11655.9592
93,56,-10552.9978
94,56,-12741.9978
95,56,-11681.9978
96,56,-13501.9978
59,57,13308.0022
60,57,10165.0022
61,57,11558.0022
62,57,8548.0022
63,57,10297.0022
64,57,7533.0022
65,57,9044.0022
66,57,5982.0022
67,57,7809.1707
68,57,4887.4857999999995
69,57,6674.4398
70,57,3899.8408
71,57,5721.7189
72,57,2715.3269
73,57,4607.4043
74,57,1887.6958
75,57,3689.3278
76,57,1037.1225
77,57,2709.3456
78,57,185.19950000000006
79,57,1827.5937
80,57,-441.46219999999994
81,57,726.3999
82,57,-3330.4610000000002
83,57,-2066.152
84,57,-4219.3493
85,57,-3203.6910000000003
86,57,-5256.2601
87,57,-4104.5278
88,57,-6341.1403
89,57,-5376.903
90,57,-7436.3593
91,57,-6185.8285000000005
92,57,-8411.2988
93,57,-7443.3455
94,57,-9391.9978
95,57,-8701.9978
96,57,-10611.9978
97,57,-9631.9978
61,58,10177.0022
62,58,6818.0022
63,58,8478.0022
64,58,5647.0022
65,58,7343.0022
66,58,4321.0022
67,58,6080.0022
68,58,3130.9128
69,58,4894.7749
70,58,2069.5158
71,58,4014.0392
72,58,1182.4633
73,58,3038.8188999999998
74,58,232.89199999999994
75,58,2054.1707
76,58,-636.2373
77,58,1005.1520999999999
78,58,-1493.0599
79,58,200.10219999999993
80,58,-2074.4563
81,58,-757.3582
82,58,-4784.1654
83,58,-3523.2119000000002
84,58,-5530.9433
85,58,-4456.9086
86,58,-6604.2801
87,58,-5253.7309000000005
88,58,-7426.6925
89,58,-6357.5024
90,58,-8711.680199999999
91,58,-7471.9978
92,58,-9557.7133
93,58,-8936.7169
94,58,-10711.9978
95,58,-9871.9978
96,58,-11711.9978
97,58,-10871.9978
98,58,-12790.9978
99,58,-11881.9978
62,59,10117.0022
63,59,12072.0022
64,59,9034.0022
65,59,10743.0022
66,59,7565.0022
67,59,9475.0022
68,59,6414.0022
69,59,8181.1639000000005
70,59,5491.9405
71,59,7225.451
72,59,4385.7864
73,59,6219.2262
74,59,3458.6341
75,59,5282.9009
76,59,2658.4379
77,59,4146.1312
78,59,1694.9537
79,59,3415.0022
80,59,1107.0911999999998
81,59,2366.0022
82,59,-1605.4736
83,59,-275.46899999999994
84,59,-2483.8192
85,59,-1340.644
86,59,-3580.9296
87,59,-2069.6156
88,59,-4452.1891
89,59,-3159.0260000000003
90,59,-5391.4503
91,59,-4475.644
92,59,-6576.6211
93,59,-5799.9978
94,59,-7680.9978
95,59,-6661.9978
96,59,-8656.9978
97,59,-7651.9978
98,59,-9525.9978
99,59,-8631.9978
100,59,-10451.9978
64,60,7299.0022
65,60,8979.0022
66,60,5921.0022
67,60,7611.0022
68,60,4778.0022
69,60,6377.0022
70,60,3557.2272000000003
71,60,5510.6257
72,60,2779.6509
73,60,4583.2134
74,60,1859.5591
75,60,3700.2544
76,60,1119.1255999999998
77,60,2595.8469
78,60,89.68690000000004
79,60,1789.7248
80,60,-593.0172
81,60,801.0159
82,60,-3185.6863000000003
83,60,-1956.1084999999998
84,60,-4019.4378
85,60,-2828.0117999999998
86,60,-5274.4278
87,60,-3724.6991000000003
88,60,-5894.6111
89,60,-4358.1595
90,60,-6401.4400000000005
91,60,-5185.4999
92,60,-7413.5912
93,60,-6783.8879
94,60,-8741.9978
95,60,-7890.4587
96,60,-9774.820699999998
97,60,-9081.3087
98,60,-10706.9978
99,60,-9975.9978
100,60,-11546.9978
101,60,-10762.9978
65,61,12609.0022
66,61,9578.0022
67,61,11289.0022
68,61,8173.0022
69,61,10105.0022
70,61,6976.0022
71,61,8776.0022
72,61,5902.7294
73,61,7860.536499999999
74,61,5129.2928999999995
75,61,7007.3769
76,61,4489.113
77,61,6080.8141
78,61,3493.9035999999996
79,61,5023.2022
80,61,2646.5901
81,61,3786.5217999999995
82,61,19.648500000000126
83,61,1309.9139
84,61,-857.4996
85,61,449.55820000000006
86,61,-1917.1874
87,61,-479.80869999999993
88,61,-2710.8675
89,61,-939.3823
90,61,-3465.0745
91,61,-2126.8028
92,61,-4339.6214
93,61,-3708.9978
94,61,-5678.2073
95,61,-4986.7153
96,61,-6824.9972
97,61,-6293.0174
98,61,-7852.3419
99,61,-7192.1216
100,61,-8877.9978
101,61,-8051.9978
102,61,-9901.9978
66,62,8048.0022
67,62,9828.0022
68,62,6748.0022
69,62,8468.0022
70,62,5466.0022
71,62,7155.0022
72,62,4366.0022
73,62,6183.1091
74,62,3337.0258999999996
75,62,5059.2051
76,62,2394.5998
77,62,4098.8015
78,62,1734.1032
79,62,3566.9745999999996
80,62,1137.6084
81,62,2421.5313
82,62,-1571.5074
83,62,-405.89879999999994
84,62,-2563.9978
85,62,-1246.0616
86,62,-3492.1876
87,62,-2093.4914
88,62,-4475.9978
89,62,-2212.2176
90,62,-4530.5067
91,62,-2934.0537
92,62,-5210.9592
93,62,-4273.1977
94,62,-6215.8856000000005
95,62,-5402.5354
96,62,-7167.704
97,62,-6675.496
98,62,-8360.5316
99,62,-7607.4524
100,62,-9360.9978
101,62,-8661.9978
102,62,-10586.9978
103,62,-9861.9978
67,63,13165.0022
68,63,9794.0022
69,63,11917.0022
70,63,8973.0022
71,63,10554.0022
72,63,7687.0022
73,63,9545.0022
74,63,6823.754
75,63,8726.099
76,63,5960.1799
77,63,7448.0022
78,63,4986.3149
79,63,6651.0022
80,63,4253.8261999999995
81,63,5324.4537
82,63,1637.8854000000001
83,63,2856.7595
84,63,699.4389
85,63,2016.5866
86,63,-327.4166
87,63,1236.9683999999997
88,63,-1098.616
89,63,852.4796
90,63,-1829.4051
91,63,-304.80089999999996
92,63,-2649.1292
93,63,-1744.1068
94,63,-3803.4785
95,63,-3040.6101
96,63,-4857.5341
97,63,-4282.2741
98,63,-6141.5555
99,63,-5365.8883000000005
100,63,-6996.2051
101,63,-6328.8293
102,63,-8240.9978
103,63,-7320.9978
104,63,-9461.9978
105,63,-8631.9978
69,64,10154.0022
70,64,7249.0022
71,64,8876.0022
72,64,6132.0022
73,64,7910.0022
74,64,5068.0022
75,64,6745.0022
76,64,4181.6696999999995
77,64,5679.4183
78,64,3327.4096
79,64,4988.0022
80,64,2837.6655
81,64,4042.9006
82,64,9.782000000000039
83,64,1165.6855
84,64,-993.9348
85,64,292.1459000000001
86,64,-1993.6793
87,64,-557.8199
88,64,-2840.8015
89,64,-537.4753000000001
90,64,-2989.9891
91,64,-1273.959
92,64,-3474.4869
93,64,-2386.7592
94,64,-4441.5059
95,64,-3540.4695
96,64,-5470.609
97,64,-4736.5383999999995
98,64,-6579.7739
99,64,-5836.7698
100,64,-7483.5394
101,64,-6818.6766
102,64,-8643.9978
103,64,-8027.9978
104,64,-9920.9978
105,64,-9251.9978
106,64,-11010.9978
70,65,10175.0022
71,65,12168.0022
72,65,9224.0022
73,65,11037.0022
74,65,8479.0022
75,65,10278.0022
76,65,7661.390200000001
77,65,9378.0022
78,65,6790.1206999999995
79,65,8369.325700000001
80,65,5504.9351
81,65,7300.181299999999
82,65,3592.2564999999995
83,65,4710.4745
84,65,2616.5358
85,65,3636.2643
86,65,1543.3818
87,65,2968.0022
88,65,547.3362000000001
89,65,2527.6536
90,65,-202.139
91,65,1422.3251999999998
92,65,-961.9505
93,65,197.08839999999998
94,65,-1992.722
95,65,-916.4114999999999
96,65,-2977.6335
97,65,-2620.8256
98,65,-4229.1606
99,65,-3433.2937
100,65,-5085.0652
101,65,-4459.8493
102,65,-6129.3483
103,65,-5652.9978
104,65,-7611.9978
105,65,-6881.9978
106,65,-8581.9978
107,65,-7741.9978
72,66,7647.0022
73,66,9408.0022
74,66,6630.0022
75,66,8136.0022
76,66,5418.0022
77,66,7228.2455
78,66,4776.0987
79,66,7135.0875
80,66,4186.7187
81,66,5524.6287999999995
82,66,1655.5522999999998
83,66,2772.6515
84,66,774.1728999999999
85,66,1849.1547
86,66,-422.65729999999996
87,66,1148.4155999999998
88,66,-1259.3058
89,66,1072.5022
90,66,-1460.374
91,66,317.1813000000001
92,66,-1958.2664
93,66,-656.6365
94,66,-2857.9494
95,66,-1615.7143999999998
96,66,-3323.6195000000002
97,66,-2807.1019
98,66,-4884.6631
99,66,-4045.437
100,66,-5797.6908
101,66,-5050.3664
102,66,-6799.2145
103,66,-6137.9978
104,66,-8021.9978
105,66,-7261.9978
106,66,-9091.9978
107,66,-8251.9978
108,66,-10181.9978
73,67,12491.0022
74,67,9996.0022
75,67,11847.0022
76,67,9099.0022
77,67,10938.5728
78,67,8100.4965
79,67,10294.7029
80,67,7416.9482
81,67,8846.232600000001
82,67,5026.1388
83,67,6341.7285999999995
84,67,4107.6443
85,67,5491.3297
86,67,3109.1251
87,67,4732.6385
88,67,2094.1427
89,67,3968.9857999999995
90,67,1569.8089999999997
91,67,3197.7577
92,67,815.6021999999999
93,67,2268.0022
94,67,-162.7975
95,67,1118.609
96,67,-1019.1668999999999
97,67,-34.866300000000024
98,67,-2307.7264999999998
99,67,-1507.8662
100,67,-3390.0054
101,67,-2522.8311
102,67,-4221.9978
103,67,-3549.9978
104,67,-5529.9978
105,67,-4745.9978
106,67,-6631.9978
107,67,-5760.9978
108,67,-7591.9978
109,67,-6801.9978
74,68,8299.0022
75,68,9865.0022
76,68,6980.0022
77,68,8858.0022
78,68,5894.2096
79,68,8127.289099999999
80,68,5490.1716
81,68,6882.235
82,68,3092.5711
83,68,4334.458
84,68,2082.4195999999997
85,68,3523.3940000000002
86,68,1012.4067000000001
87,68,2808.629
88,68,304.7223
89,68,2397.2167999999997
90,68,-138.41660000000002
91,68,1746.5022
92,68,-703.749
93,68,972.9976
94,68,-1315.6456
95,68,188.61630000000002
96,68,-1984.0537
97,68,-645.333
98,68,-2875.8035
99,68,-2031.7948999999999
100,68,-3951.9978
101,68,-3147.1512000000002
102,68,-4891.9978
103,68,-4221.9978
104,68,-6020.9978
105,68,-5325.9978
106,68,-7101.9978
107,68,-6373.9978
108,68,-8262.9978
109,68,-7599.9978
110,68,-9151.9978
75,69,13426.0022
76,69,10635.0022
77,69,12245.0022
78,69,9611.409300000001
79,69,11691.9652
80,69,8779.0022
81,69,10318.0022
82,69,6472.679
83,69,7757.941900000001
84,69,5472.0745
85,69,7155.8338
86,69,4561.2531
87,69,6355.2679
88,69,3682.3711999999996
89,69,5578.6173
90,69,2968.7183999999997
91,69,4741.1417
92,69,2280.5861
93,69,3834.7303999999995
94,69,1417.0022
95,69,3011.6324
96,69,569.3303999999999
97,69,2015.6689000000001
98,69,-275.8586
99,69,654.8548
100,69,-1375.4888
101,69,-709.7981
102,69,-2514.4468
103,69,-1912.9733999999999
104,69,-3623.9978
105,69,-2936.9978
106,69,-4680.9978
107,69,-3762.9978
108,69,-5732.9978
109,69,-5001.9978
110,69,-6842.9978
111,69,-6011.9978
78,70,7513.0022
79,70,9589.0022
80,70,6639.0022
81,70,8207.263700000001
82,70,4427.8945
83,70,5791.0022
84,70,3473.0517
85,70,5101.3094
86,70,2546.8815999999997
87,70,4267.3688999999995
88,70,1671.5818
89,70,3714.8891000000003
90,70,1115.8123
91,70,3042.4687
92,70,634.3212
93,70,2412.5367
94,70,-125.22559999999999
95,70,1612.6385999999998
96,70,-729.2264
97,70,931.2184000000001
98,70,-1289.4858
99,70,-122.87080000000003
100,70,-1990.6126
101,70,-1118.5446
102,70,-2903.9002
103,70,-2317.1647
104,70,-4101.9978
105,70,-3406.9978
106,70,-5141.9978
107,70,-4438.9978
108,70,-6458.9978
109,70,-5760.9978
110,70,-7571.9978
111,70,-6670.9978
112,70,-8431.9978
79,71,13037.0022
80,71,10220.0022
81,71,11826.0022
82,71,7762.0022
83,71,9243.0022
84,71,6935.5599999999995
85,71,8543.9902
86,71,5958.096399999999
87,71,7775.422299999999
88,71,5102.9103
89,71,6871.2868
90,71,4249.9011
91,71,5967.4064
92,71,3480.4658
93,71,5347.7973999999995
94,71,2831.1425
95,71,4550.7219
96,71,2041.6212
97,71,3485.0373
98,71,1271.0022
99,71,2435.6972
100,71,456.35479999999995
101,71,1497.3827
102,71,-351.7777
103,71,352.2308999999999
104,71,-1492.1197
105,71,-913.0083
106,71,-2419.4961
107,71,-1682.7393
108,71,-3440.9978
109,71,-2977.9978
110,71,-4730.9978
111,71,-3891.9978
112,71,-5737.9978
113,71,-4721.9978
114,71,-6501.9978
81,72,10053.0022
82,72,5915.0022
83,72,7213.0022
84,72,4858.0374
85,72,6563.0022
86,72,4087.8032000000003
87,72,5834.0052
88,72,3309.1973
89,72,5224.5341
90,72,2641.3354999999997
91,72,4500.0966
92,72,1802.0216
93,72,3784.7371999999996
94,72,1140
95,72,3036.522
96,72,690.2761999999999
97,72,2343.6342999999997
98,72,30.375599999999963
99,72,1375.1165999999998
100,72,-688.1535
101,72,447.2266000000001
102,72,-1296.2889
103,72,-338.0824
104,72,-2216.0925
105,72,-1518.8402999999998
106,72,-3119.4829
107,72,-2426.0209
108,72,-4124.9978
109,72,-3627.5413000000003
110,72,-5301.9978
111,72,-4589.4303
112,72,-6220.9978
113,72,-5380.9978
114,72,-7125.9978
115,72,-6251.9978
116,72,-8030.9978
82,73,9300.0022
83,73,10797.0022
84,73,8237.0022
85,73,9962.0022
86,73,7391.451399999999
87,73,9093.049700000001
88,73,6515.2443
89,73,8365.0233
90,73,5712.6885999999995
91,73,7513.5533000000005
92,73,4765.6431999999995
93,73,6739.2110999999995
94,73,4094.6993
95,73,5944.6466
96,73,3404.4622
97,73,5094.1925
98,73,2689.0747
99,73,4050.2511999999997
100,73,1993.2486
101,73,3081.8139
102,73,1051.1124999999997
103,73,2189.0506
104,73,144.00220000000002
105,73,815.0022
106,73,-916.4177
107,73,-176.15250000000003
108,73,-2058.1039
109,73,-1403.0464
110,73,-3031.9978
111,73,-2361.9978
112,73,-4096.5644999999995
113,73,-3205.3861
114,73,-4917.9978
115,73,-4101.9978
116,73,-5830.9978
117,73,-4941.9978
83,74,8884.0022
84,74,6404.0022
85,74,7983.0022
86,74,5472.6289
87,74,7250.0022
88,74,4760.1902
89,74,6604.1974
90,74,4025.2522
91,74,5964.5577
92,74,3188.3113999999996
93,74,5235.8544999999995
94,74,2478.985
95,74,4350.5707999999995
96,74,1824.8678
97,74,3612.1854000000003
98,74,1210.7936
99,74,2647.1575
100,74,491.6800999999999
101,74,1753.8546000000001
102,74,-298.2269
103,74,991.0166
104,74,-830.9978
105,74,40.2115
106,74,-1724.6100000000001
107,74,-816.8785
108,74,-2837.457
109,74,-2094.1139
110,74,-3887.9978
111,74,-3015.4978
112,74,-4922.9978
113,74,-4030.4915
114,74,-5779.9978
115,74,-4871.9978
116,74,-6670.9978
117,74,-5678.9978
118,74,-7541.9978
119,74,-6401.9978
120,74,-8301.9978
84,75,9607.0022
85,75,11429.0022
86,75,8642.0022
87,75,10524.0022
88,75,7884.1881
89,75,9741.116
90,75,7179.9649
91,75,9028.138
92,75,6237.0022
93,75,8076.0433
94,75,5486.6217
95,75,7364.8105000000005
96,75,4813.8128
97,75,6508.3547
98,75,4151.5204
99,75,5531.9947
100,75,3322.4907000000003
101,75,4556.7204
102,75,2410.558
103,75,3731.6103999999996
104,75,1688.9368999999997
105,75,2776.8815
106,75,694.5353000000001
107,75,1778.0022
108,75,-465.9978
109,75,463.6355
110,75,-1453.1742
111,75,-440.71590000000003
112,75,-2334.5026
113,75,-1370.9978
114,75,-3191.9978
115,75,-2236.1802
116,75,-4196.2296
117,75,-2990.9978
118,75,-5063.9978
119,75,-3871.9978
120,75,-5841.9978
121,75,-4641.9978
122,75,-6501.9978
85,76,9625.0022
86,76,6931.0022
87,76,8644.0022
88,76,6025.7202
89,76,7891.0022
90,76,5383.8112
91,76,7313.0022
92,76,4777.8966
93,76,6664.2648
94,76,3956.3068000000003
95,76,5931.0491
96,76,3301.2001
97,76,5093.6218
98,76,2655.7199
99,76,4160.9535
100,76,1909.708
101,76,3290.7293
102,76,1087.2165
103,76,2542.1769
104,76,459.1681
105,76,1945.446
106,76,-184.96299999999997
107,76,1123.9049999999997
108,76,-1054.7438
109,76,-8.858499999999935
110,76,-2094.7092
111,76,-1024.4645
112,76,-3142.4187
113,76,-2029.7026999999998
114,76,-4146.8083
115,76,-3066.8289
116,76,-5315.4728000000005
117,76,-4184.7575
118,76,-6196.9978
119,76,-4972.9978
120,76,-6939.9978
121,76,-5750.9978
122,76,-7631.9978
123,76,-6562.9978
86,77,10004.0022
87,77,11919.0022
88,77,9129.0022
89,77,11104.0022
90,77,8404.4143
91,77,10306.7666
92,77,7607.5706
93,77,9721.0022
94,77,6863.2101
95,77,8842.2695
96,77,6147.7966
97,77,8187.448799999999
98,77,5688.8517999999995
99,77,7227.264
100,77,4887.0256
101,77,6267.9317
102,77,3916.4204
103,77,5356.6701
104,77,3064.9348999999997
105,77,4535.4288
106,77,2439.6237
107,77,3619.7123
108,77,1448.3527
109,77,2805.6835
110,77,647.6407
111,77,1770.3478999999998
112,77,-484.84839999999997
113,77,932.2130000000001
114,77,-1335.5851
115,77,24.67439999999999
116,77,-2163.9016
117,77,-1118.5978
118,77,-3202.7198000000003
119,77,-2180.3967
120,77,-4206.9978
121,77,-3131.9978
122,77,-5149.9978
123,77,-4041.9978
124,77,-6021.9978
125,77,-5131.9978
126,77,-8121.9978
87,78,10255.0022
88,78,7501.0022
89,78,9297.0022
90,78,6634.1548
91,78,8607.0022
92,78,5861.0022
93,78,7923.463500000001
94,78,5250.7056999999995
95,78,7309.699599999999
96,78,4446.3315
97,78,6663.8287
98,78,3926.0063
99,78,5654.9902
100,78,3234.8304
101,78,4791.5942
102,78,2525.6567999999997
103,78,4059.5401
104,78,1861.2642
105,78,3406.9439
106,78,1256.371
107,78,2625.4159
108,78,285.90520000000004
109,78,1842.0173
110,78,-498.0118
111,78,958.2492000000001
112,78,-1574.8871
113,78,-11.507499999999936
114,78,-2474.8924
115,78,-965.3702
116,78,-3250.3230000000003
117,78,-2123.5579
118,78,-4231.0142
119,78,-3177.6497
120,78,-5215.9978
121,78,-4012.1634
122,78,-6051.9978
123,78,-4922.9978
124,78,-7073.9978
125,78,-6161.9978
126,78,-9071.9978
127,78,-8241.9978
89,79,12518.0022
90,79,9654.0022
91,79,11574.0022
92,79,8882.2677
93,79,10766.6614
94,79,8082.7437
95,79,10237.0022
96,79,7283.0001999999995
97,79,9390.953800000001
98,79,6802.7025
99,79,8672.458900000001
100,79,6257.5578
101,79,7782.231199999999
102,79,5488.3597
103,79,6842.4469
104,79,4559.7114
105,79,5991.7746
106,79,3807.9964
107,79,5127.5935
108,79,2634.5833
109,79,4427.6571
110,79,1865.4492999999998
111,79,3450.9659
112,79,878.4279
113,79,2494.3437
114,79,52.84990000000005
115,79,1526.154
116,79,-795.1803
117,79,483.8226000000001
118,79,-1741.9747
119,79,-698.7727
120,79,-2727.0503
121,79,-1662.9135999999999
122,79,-3681.9978
123,79,-2682.8518
124,79,-4654.9978
125,79,-3791.9978
126,79,-6771.9978
127,79,-5971.9978
128,79,-7522.9978
129,79,-6431.9978
90,80,8097.0022
91,80,9879.0022
92,80,7234.651699999999
93,80,9149.0022
94,80,6395.0022
95,80,8412.2458
96,80,5714.3305
97,80,7747.9157000000005
98,80,4965.6854
99,80,7033.6502
100,80,4353.1352
101,80,6188.0148
102,80,3705.0927
103,80,5364.8344
104,80,2951.9291
105,80,4652.5010999999995
106,80,2153.7994
107,80,3888.2735000000002
108,80,1150.9656
109,80,2933.5822
110,80,440.9172
111,80,2184.0638
112,80,-261.29499999999996
113,80,1320.6662999999999
114,80,-994
115,80,531.7212000000001
116,80,-1709.2241
117,80,-422.47720000000004
118,80,-2395.5204
119,80,-1474.312
120,80,-3285.1715
121,80,-2283.8215
122,80,-4014.3256
123,80,-3147.757
124,80,-5321.9978
125,80,-4738.9978
126,80,-7776.9978
127,80,-6868.9978
128,80,-8376.9978
129,80,-7401.9978
130,80,-9001.9978
95,81,11347.369
96,81,8413.722000000002
97,81,10680.0022
98,81,7641.294000000001
99,81,9838.077200000002
100,81,6840.3802
101,81,9227.6743
102,81,6195.3963
103,81,8439.4343
104,81,5403.9084
105,81,7634.1212000000005
106,81,4651.9192
107,81,6839.9507
108,81,3988.2749000000003
109,81,5982.3913999999995
110,81,3286.9003000000002
111,81,5117.2346
112,81,2562.9488
113,81,4224.4564
114,81,1836.0520999999999
115,81,3307.3477000000003
116,81,1164.0113999999999
117,81,2403.5647
118,81,464.6717
119,81,1434.0425
120,81,-540.247
121,81,342.89279999999997
122,81,-1514.104
123,81,-677.9196999999999
124,81,-2555.0814
125,81,-2329.5637
126,81,-5568.9884
127,81,-4506.7109
128,81,-6056.9978
129,81,-4968.9978
130,81,-6709.9978
131,81,-5592.9978
132,81,-7437.9978
133,81,-6327.9978
134,81,-8100.9978
135,81,-7071.9978
96,82,7165.0022
97,82,9299.242300000002
98,82,6427.3718
99,82,8666.120400000002
100,82,5480.658899999999
101,82,7985.2555999999995
102,82,4809.771
103,82,7194.535499999999
104,82,4180.0449
105,82,6435.6392
106,82,3503.3805999999995
107,82,5750.0884
108,82,2927.631
109,82,4969.7095
110,82,2298.4051
111,82,4225.9659
112,82,1707.6336999999999
113,82,3395.2546
114,82,1126.3660999999997
115,82,2586.8388999999997
116,82,439.3125000000001
117,82,1805.6646
118,82,-225.62829999999997
119,82,887.7479999999999
120,82,-982.1868
121,82,-47.171299999999974
122,82,-1785.7431000000001
123,82,-971.3575999999999
124,82,-2554.2106
125,82,-2439.5301
126,82,-6020.3962
127,82,-4991.7787
128,82,-6503.4312
129,82,-5437.0107
130,82,-7019.9978
131,82,-6009.4066
132,82,-7669.9978
133,82,-6709.9978
134,82,-8382.9978
135,82,-7420.9978
136,82,-9102.9978
101,83,11284.0022
102,83,8283.0022
103,83,10513.402100000001
104,83,7581.682
105,83,9594.2263
106,83,6757.3577
107,83,8798.7036
108,83,6029.8944
109,83,7995.3111
110,83,5322.6935
111,83,7162.8484
112,83,4690.4751
113,83,6317.2042
114,83,4036.1916
115,83,5671.5938
116,83,3412.1202999999996
117,83,4858.2863
118,83,2820.0290999999997
119,83,4167.7561
120,83,2239.5917999999997
121,83,3441.8904999999995
122,83,1682.5949
123,83,2735.3079
124,83,1375.4162000000001
125,83,1856.3701999999998
126,83,-1666.013
127,83,-1085.4736
128,83,-2388.1019
129,83,-1591.0111
130,83,-3050.0708
131,83,-2039.7589
132,83,-3734.9707000000003
133,83,-2657.9978
134,83,-4551.9978
135,83,-3435.9978
136,83,-5321.9978
137,83,-4192.9978
102,84,6225.0301
103,84,8185.085399999999
104,84,5628.4248
105,84,7620.6704
106,84,5011.1997
107,84,7148.6227
108,84,4446.0556
109,84,6537.2636
110,84,3996.4051
111,84,5886.9142999999995
112,84,3518.3034
113,84,5272.1194
114,84,2878.5749
115,84,4536.7897
116,84,2406.8923
117,84,3885.8419000000004
118,84,1787.2871999999998
119,84,3192.0766000000003
120,84,1282.8836000000001
121,84,2522.1731999999997
122,84,817.5345000000001
123,84,1886.8563
124,84,378.946
125,84,870.5763000000001
126,84,-2183.1527
127,84,-1595.3741
128,84,-3273.4634
129,84,-2443.8459
130,84,-4291.1903
131,84,-3193.0404000000003
132,84,-5113.6498
133,84,-3868.5081
134,84,-5881.3844
135,84,-4659.9978
136,84,-6717.9978
137,84,-5447.9978
138,84,-7485.9978
139,84,-6182.9978
140,84,-8180.9978
106,85,7910.6462
107,85,9970.227400000002
108,85,7235.9811
109,85,9266.129500000001
110,85,6624.3576
111,85,8533.5586
112,85,6015.8257
113,85,7742.5338
114,85,5393.4537
115,85,6931.7919
116,85,4709.7269
117,85,6324.465
118,85,4126.2137999999995
119,85,5443.7961
120,85,3514.8814999999995
121,85,4727.2825
122,85,2896.2208
123,85,3977.3082999999997
124,85,2460.2439
125,85,2958.9627
126,85,-236.6966
127,85,719.2618000000001
128,85,-948.0006
129,85,68.82299999999998
130,85,-1736.8106
131,85,-547.6555
132,85,-2510.8521
133,85,-1278.4312
134,85,-3307.3373
135,85,-1909.7116999999998
136,85,-4013.0254
137,85,-2555.2371
138,85,-4672.9978
139,85,-3220.9978
140,85,-5301.9978
141,85,-3910.9978
142,85,-5871.9978
107,86,8088.2457
108,86,5419.1156
109,86,7498.586399999999
110,86,4866.3461
111,86,6843.6253
112,86,4456.4293
113,86,6241.533
114,86,3965.4416
115,86,5660.031
116,86,3298.548
117,86,4956.5644999999995
118,86,2883.1382
119,86,4252.7569
120,86,2284.4719
121,86,3570.7421999999997
122,86,1792.5140000000001
123,86,2920.7259
124,86,1345.3374
125,86,1869.8636999999999
126,86,-1053.0683
127,86,-138.42509999999993
128,86,-1962.5103
129,86,-934.4042999999999
130,86,-3025.3635
131,86,-1758.0298
132,86,-3904.8026
133,86,-2588.6816
134,86,-4785.7528
135,86,-3333.3728
136,86,-5603.0692
137,86,-4060.2676
138,86,-6287.9175000000005
139,86,-4786.9978
140,86,-6934.9978
141,86,-5565.9978
142,86,-7658.9978
143,86,-6548.9978
110,87,7721.6017999999995
111,87,9786.019900000001
112,87,7309.237099999999
113,87,9112.0349
114,87,6673.9878
115,87,8354.100600000002
116,87,6038.4594
117,87,7555.4261
118,87,5377.9501
119,87,6864.0614
120,87,4763.7233
121,87,5968.4636
122,87,4136.9073
123,87,5239.258
124,87,3593.0173999999997
125,87,4121.223199999999
126,87,1119.7514999999999
127,87,2339.3390999999997
128,87,465.1296000000001
129,87,1695.7118
130,87,-365.90109999999993
131,87,820.0288999999999
132,87,-1234.3962
133,87,-151.6594
134,87,-2216.101
135,87,-1015.8516999999999
136,87,-3029.4069
137,87,-1718.4818
138,87,-3735.539
139,87,-2248.652
140,87,-4225.3872
141,87,-2881.2429
142,87,-4716.1443
143,87,-3704.9978
144,87,-5490.9978
113,88,7326.246099999999
114,88,4951.3642
115,88,6702.9204
116,88,4431.7910999999995
117,88,6091.6714999999995
118,88,3790.4743
119,88,5341.0106
120,88,3370.8637
121,88,4618.3867
122,88,2764.3489
123,88,3950.1866
124,88,2295.2376999999997
125,88,2877.759
126,88,29.069700000000125
127,88,1191.8595
128,88,-701.5536999999999
129,88,552.8751000000001
130,88,-1435.8816
131,88,-245.08410000000003
132,88,-2232.2384
133,88,-1335.3719
134,88,-3079.8958000000002
135,88,-2171.0822
136,88,-3944.7797
137,88,-2849.5562
138,88,-4874.9616
139,88,-3526.9791
140,88,-5466.0248
141,88,-4128.2885
142,88,-5992.4605
143,88,-4886.0846
144,88,-6597.8769
145,88,-5607.9884
116,89,7280.8378999999995
117,89,8897.142800000001
118,89,6610.2426
119,89,8010.923
120,89,5964.6485999999995
121,89,7299.242499999999
122,89,5289.6174
123,89,6476.3648
124,89,4773.4743
125,89,5318.5335
126,89,2476.5576
127,89,3836.2722999999996
128,89,1790.7875
129,89,3183.2909
130,89,1153.7026999999998
131,89,2449.6662
132,89,545.1736999999999
133,89,1279.5944
134,89,-430.1879
135,89,386.3174
136,89,-1377.7364
137,89,-380.37260000000003
138,89,-2349.9467
139,89,-1067.538
140,89,-2894.0244
141,89,-1699.9173999999998
142,89,-3475.6329
143,89,-2364.53
144,89,-4048.0222
145,89,-3111.4326
146,89,-4794.9978
118,90,4905.189
119,90,6528.0022
120,90,4273.4442
121,90,5710.9133
122,90,3789.2886
123,90,4957.0803
124,90,3239.6620999999996
125,90,3868.8855000000003
126,90,1126.8028
127,90,2481.4611999999997
128,90,493.9041000000001
129,90,1871.2289999999998
130,90,-76.21529999999996
131,90,1386.8795
132,90,-440.7563
133,90,538.3493
134,90,-1260.565
135,90,-349.11
136,90,-2133.5495
137,90,-1066.7537
138,90,-3145.7523
139,90,-2126.4169
140,90,-3997.8723
141,90,-2969.0403
142,90,-4729.7109
143,90,-3598.3928
144,90,-5250.2342
145,90,-4361.4042
146,90,-5987.7929
147,90,-5086.9978
120,91,7153.8318
121,91,8463.6388
122,91,6512.0887999999995
123,91,7742.9652
124,91,5861.1059
125,91,6503.2638
126,91,3826.9701999999997
127,91,5260.8234
128,91,3098.4456
129,91,4566.8616999999995
130,91,2413.0134
131,91,3839.3242
132,91,1930.2145999999998
133,91,2844.7727
134,91,1024.4495000000002
135,91,1813.9526
136,91,3.613899999999944
137,91,1130.7015000000001
138,91,-710.6668
139,91,289.0335000000001
140,91,-1413.4705
141,91,-522.159
142,91,-2264.2298
143,91,-1296.086
144,91,-2750.8509
145,91,-1943.2455
146,91,-3449.4714
147,91,-2652.9978
148,91,-4183.9978
123,92,6062.7769
124,92,4220.633
125,92,4894.0022
126,92,2223.0890999999997
127,92,3690.732
128,92,1713.0022
129,92,3123.0612
130,92,1186.4751
131,92,2685.6659
132,92,858.3415000000001
133,92,1993.3631999999998
134,92,273.19999999999993
135,92,1192.6650999999997
136,92,-725.5958
137,92,291.77380000000005
138,92,-1580.524
139,92,-640.384
140,92,-2359.1012
141,92,-1592.2971
142,92,-3215.9083
143,92,-2392.1162
144,92,-3911.3708
145,92,-3159.4883
146,92,-4608.3089
147,92,-3786.9978
148,92,-5316.9978
149,92,-4564.9978
126,93,5118.9998
127,93,6440.0022
128,93,4368.0022
129,93,5979.8094
130,93,3591.3068000000003
131,93,5267.5594
132,93,3224.0990999999995
133,93,4466.0814
134,93,2511.987
135,93,3583.0022
136,93,1568.7599
137,93,2599.6007999999997
138,93,795.7369
139,93,1728.0022
140,93,7.421899999999937
141,93,787.8484
142,93,-897.7359
143,93,-88.48619999999994
144,93,-1540.5316
145,93,-875.1326
146,93,-2283.6612
147,93,-1421.2663
148,93,-2903.9978
149,93,-2224.9978
150,93,-3695.9978
127,94,4997.0022
128,94,2763.0022
129,94,4440.0022
130,94,2226.0022
131,94,3660.0022
132,94,1791.0022
133,94,3169.0022
134,94,1261.0022
135,94,2571.5484
136,94,673.5565
137,94,1662.8926999999999
138,94,-20.997799999999984
139,94,1081.3069
140,94,-626.8171
141,94,117.30430000000013
142,94,-1498.5832
143,94,-801.9348
144,94,-2313.4469
145,94,-1744.7827
146,94,-3212.9073000000003
147,94,-2381.9978
148,94,-3721.9978
149,94,-3072.9978
150,94,-4455.9978
151,94,-3693.9978
128,95,5557.0022
129,95,6958.0022
130,95,5068.0022
131,95,6318.0022
132,95,4388.0022
133,95,5720.0022
134,95,3763.4920999999995
135,95,4918.0022
136,95,3079.0022
137,95,4037.0022
138,95,2211.0022
139,95,3090.0022
140,95,1420.2579999999998
141,95,2117.0022
142,95,456.0022
143,95,1236.2752999999998
144,95,-219.85759999999993
145,95,362.79239999999993
146,95,-1042.7777
147,95,-270.8605
148,95,-1601.5537
149,95,-948.8835
150,95,-2299.7537
151,95,-1422.9978
152,95,-3078.9978
135,96,3838.0022
136,96,1891.0022
137,96,2986.0022
138,96,1239.0022
139,96,2367.0022
140,96,790.0022
141,96,1655.0022
142,96,1.7839999999999918
143,96,734.6043000000001
144,96,-807.8851
145,96,-254.56319999999994
146,96,-1686.3123
147,96,-1015.0676
148,96,-2449.2978
149,96,-1917.8907
150,96,-3398.9978
151,96,-2641.9978
152,96,-4191.9978
153,96,-3374.9978
136,97,4456.0022
137,97,5651.0022
138,97,3735.0022
139,97,4667.0022
140,97,2941.0022
141,97,3749.0022
142,97,2081.0022
143,97,2918.0022
144,97,1257.0022
145,97,1926.0022
146,97,485.6958000000001
147,97,1239.9924
148,97,-212.7459
149,97,328.0022
150,97,-1065.5819
151,97,-283.6929
152,97,-1926.3608
153,97,-1059.5798
154,97,-2441.9978
155,97,-1542.9978
139,98,3706.0022
140,98,2039.0022
141,98,2930.0022
142,98,1302.0022
143,98,2324.0022
144,98,613.0022
145,98,1278.0022
146,98,-257.7269
147,98,549.3777000000001
148,98,-898.6819
149,98,-402.1267
150,98,-1915.0992999999999
151,98,-1145.5978
152,98,-2803.6674
153,98,-2114.9978
154,98,-3521.9978
155,98,-2648.9978
156,98,-4073.9978
140,99,4407.0022
141,99,5215.0022
142,99,3545.0022
143,99,4392.0022
144,99,2735.0022
145,99,3525.0022
146,99,1908.0022
147,99,2706.5762999999997
148,99,1447.0027999999998
149,99,2039.0022
150,99,430.0022
151,99,1033.0022
152,99,-645.4318000000001
153,99,238.00220000000002
154,99,-1313.0731
155,99,-369.24170000000004
156,99,-1741.9978
157,99,-877.9978
141,100,4305.0022
142,100,2576.0022
143,100,3547.0022
144,100,1916.0022
145,100,2855.0022
146,100,1350.3869999999997
147,100,2072.0022
148,100,577.0022
149,100,1322.0022
150,100,-174.99779999999998
151,100,425.2632
152,100,-1499.9976
153,100,-686.9355
154,100,-2113.6278
155,100,-1310.7694999999999
156,100,-2721.9978
157,100,-1834.9978
158,100,-3297.9978
143,101,5612.0022
144,101,4111.0022
145,101,4902.0022
146,101,3241.0022
147,101,4028.0022
148,101,2639.8113
149,101,3304.9498000000003
150,101,1985.9427999999998
151,101,2628.5097
152,101,805.0022
153,101,1528.0022
154,101,19.605899999999906
155,101,949.0022
156,101,-619.6631
157,101,242.00220000000002
158,101,-1161.9978
159,101,-237.99779999999998
146,102,2719.0022
147,102,3584.0022
148,102,2145.0022
149,102,2860.0022
150,102,1382.2545
151,102,2164.0022
152,102,249.00220000000002
153,102,947.8670000000001
154,102,-654.9978
155,102,232.59450000000004
156,102,-1234.9978
157,102,-506.9978
158,102,-1961.9978
159,102,-1144.9978
160,102,-2587.9978
148,103,3959.0022
149,103,4644.0022
150,103,3142.7774
151,103,3900.5775000000003
152,103,2113.3738
153,103,2901.5595
154,103,1396.0022
155,103,2282.0022
156,103,749.0022
157,103,1645.0022
158,103,80.00220000000002
159,103,982.0022
160,103,-481.9978
161,103,342.0022
149,104,4096.0022
150,104,2533.0022
151,104,3360.0022
152,104,1453.3914999999997
153,104,2179.0022
154,104,540.0022
155,104,1494.0022
156,104,-150.99779999999998
157,104,739.0022
158,104,-734.9978
159,104,65.00220000000002
160,104,-1321.9978
161,104,-564.9978
162,104,-2547.9978
150,105,4243.0022
151,105,5054.0022
152,105,3265.8990999999996
153,105,4141.3673
154,105,2602.0022
155,105,3503.0022
156,105,1968.0022
157,105,2839.0022
158,105,1331.0022
159,105,2165.0022
160,105,670.0022
161,105,1582.0022
162,105,-451.9978
163,105,562.0022
152,106,2766.0022
153,106,3506.0022
154,106,1853.0022
155,106,2675.0022
156,106,1094.0022
157,106,2063.0022
158,106,499.0022
159,106,1390.0022
160,106,-144.99779999999998
161,106,770.0022
162,106,-1281.9978
163,106,-477.9978
164,106,-1987.9978
153,107,5554.0022
154,107,4052.4074
155,107,4861.0485
156,107,3279.0022
157,107,4153.0022
158,107,2579.0022
159,107,3465.0022
160,107,1936.0022
161,107,2885.0022
162,107,763.0022
163,107,1777.0022
164,107,220.00220000000002
165,107,1245.0022
166,107,-258.9978
155,108,4160.0022
156,108,2583.0022
157,108,3483.0022
158,108,2014.0022
159,108,2871.0022
160,108,1239.0022
161,108,1994.0022
162,108,-139.99779999999998
163,108,810.0022
164,108,-804.9978
165,108,62.002200000000016
166,108,-1377.9978
167,108,-309.9978
168,108,-1786.9978
169,108,-746.9978
170,108,-2171.9978
156,109,4702.0022
157,109,5511.0088
158,109,4111.0022
159,109,5161.0022
160,109,3785.0022
161,109,4575.0022
162,109,2387.0022
163,109,3455.0022
164,109,1993.0022
165,109,2821.0022
166,109,1253.0022
167,109,2105.0022
168,109,611.0022
169,109,1525.0022
170,109,63.002200000000016
171,109,1068.0022
157,110,5067.0022
158,110,3475.0022
159,110,4513.0022
160,110,2951.0022
161,110,3831.0022
162,110,1579.0022
163,110,2481.0022
164,110,926.0022
165,110,1877.0022
166,110,205.00220000000002
167,110,1062.0022
168,110,-537.9978
169,110,417.0022
170,110,-1211.9978
171,110,-148.99779999999998
172,110,-1686.9978
161,111,5668.0022
162,111,3578.0022
163,111,4393.0022
164,111,2707.0022
165,111,3825.0022
166,111,2293.0022
167,111,3248.0022
168,111,1675.0022
169,111,2544.0022
170,111,1038.0022
171,111,1930.0022
172,111,528.0022
173,111,1488.0022
164,112,1952.0022
165,112,2903.0022
166,112,1299.0022
167,112,2277.0022
168,112,746.0022
169,112,1592.0022
170,112,62.002200000000016
171,112,935.0022
172,112,-576.9978
173,112,335.0022
174,112,-1082.9978
165,113,5166.0022
166,113,3417.0022
167,113,4563.0022
168,113,2841.0022
169,113,3881.0022
170,113,2204.0022
171,113,3154.0022
172,113,1660.0022
173,113,2485.0022
174,113,1063.0022
175,113,2017.0022
170,114,1166.0022
171,114,2142.0022
172,114,627.0022
173,114,1452.0022
174,114,-74.99779999999998
175,114,893.0022
176,114,-605.9978
172,115,2797.0022
173,115,3727.0022
174,115,2195.0022
175,115,3039.0022
176,115,1658.0022
173,116,2752.0022
174,116,1214.0022
175,116,2042.0022
176,116,511.0022
174,117,3387.0022
175,117,4466.0022
176,117,2838.0022
175,118,3352.0022
176,118,1901.0022
