n,z,betaMinus(keV)
1,0,782.347
2,1,18.59202
3,1,22196.2131
4,1,21661.2131
5,1,24283.6294
6,1,23062
1,2,-13736
2,2,-22898.274
3,2,-447.6529
4,2,3505.2147
5,2,11166.0229
6,2,10663.8784
7,2,15980.9213
8,2,16144.5191
2,3,-25460
3,3,-4288.1534
4,3,-861.893
5,3,16004.1329
6,3,13606.4541
7,3,20445.1411
8,3,20551.0898
9,3,23931.8152
10,3,23321.8152
2,4,-28945
3,4,-11907.5551
4,4,-17979.8973
5,4,-1068.0349
6,4,556.8759
7,4,11509.4607
8,4,11708.3636
9,4,17097.1315
10,4,16290.8166
11,4,20868.4411
12,4,20335.4399
3,5,-12142.7002
4,5,-16494.4854
5,5,-3648.0623
6,5,-1981.6889
7,5,13369.3979
8,5,13436.9387
9,5,20643.7926
10,5,19084.2343
11,5,23417.5656
12,5,22684.4422
13,5,26873.3742
14,5,27356.4961
15,5,31898.0019
16,5,32740
4,6,-23101.3545
5,6,-13716.2469
6,6,-17338.0681
7,6,-2220.4718
8,6,156.4765
9,6,9771.7071
10,6,8010.226
11,6,13161.8007
12,6,11806.0982
13,6,16557.4995
14,6,15737.0689
15,6,20411
16,6,21846.3983
17,6,27450
4,7,-23373.2693
5,7,-14675.2668
6,7,-17769.9506
7,7,-5144.3643
8,7,-2754.1841
9,7,10420.9094
10,7,8678.843
11,7,13895.9838
12,7,12523.3972
13,7,17970.3261
14,7,17169.8816
15,7,22481.7725
16,7,22099.0584
17,7,28438
18,7,28654
5,8,-18915
6,8,-23956.6215
7,8,-13711.13
8,8,-15412.184
9,8,-2760.4655
10,8,-1655.9288
11,8,4820.3029
12,8,3813.6349
13,8,8109.639
14,8,6489.6562
15,8,11336.1072
16,8,10955.8885
17,8,15994.8633
18,8,15986.3855
19,8,19536
20,8,18676
6,9,-23648.6215
7,9,-13311.5932
8,9,-14548.7507
9,9,-4444.5049
10,9,-3239.4986
11,9,7024.4689
12,9,5684.1712
13,9,10818.0916
14,9,8439.3084
15,9,13496.1583
16,9,13369.6698
17,9,18193.5414
18,9,18082.568
19,9,22104.0579
20,9,21750.3873
21,9,25680
22,9,25661
7,10,-18219.1277
8,10,-19720.3745
9,10,-11177.331
10,10,-13892.4207
11,10,-3546.919
12,10,-2843.3243
13,10,4375.8085
14,10,2466.2583
15,10,7322.3107
16,10,7341.894
17,10,12568.7005
18,10,12288.0534
19,10,15719.8092
20,10,14805.4501
21,10,18935.5625
22,10,18359
23,10,22350
24,10,21161
8,11,-18909.0095
9,11,-10627.2054
10,11,-13088.708
11,11,-4781.4051
12,11,-4056.179
13,11,5515.6774
14,11,3834.9684
15,11,9353.7631
16,11,9068.8037
17,11,14031.6303
18,11,13292.3538
19,11,17356.0423
20,11,15368.1833
21,11,19469.0523
22,11,18817.24
23,11,23356.7903
24,11,22192
25,11,25523
26,11,24923
27,11,27831
28,11,27201
9,12,-16186
10,12,-18601
11,12,-12221.7457
12,12,-13884.766
13,12,-4276.808
14,12,-4004.4042
15,12,2610.2694
16,12,1830.774
17,12,7595.4023
18,12,6982.744
19,12,11828.5569
20,12,10270.4677
21,12,13460.255
22,12,11320.9428
23,12,15863.5156
24,12,14429.7751
25,12,18401.9132
26,12,17604
27,12,21286
28,12,20729
29,12,23510
9,13,-15439
10,13,-17202
11,13,-10793.9978
12,13,-12743.2956
13,13,-5069.1361
14,13,-4812.3583
15,13,4642.0776
16,13,3687.3192
17,13,8568.8459
18,13,7998.3286
19,13,12978.3208
20,13,12016.946
21,13,16994.0653
22,13,14167.7504
23,13,18386.5096
24,13,16381.0765
25,13,20640
26,13,19169
27,13,23154
28,13,21390
29,13,25150
30,13,23940
10,14,-23275
11,14,-16363
12,14,-18114
13,14,-11725.473
14,14,-14344.9407
15,14,-4942.2325
16,14,-4232.1065
17,14,1491.5071
18,14,227.1872
19,14,5823.0223
20,14,4557.0175
21,14,10466.3291
22,14,7814.9194
23,14,12424.5003
24,14,10451.2656
25,14,15094.9874
26,14,13806.0653
27,14,18180
28,14,15748
29,14,19289
30,14,18200
31,14,21130
11,15,-16707
12,15,-18150
13,15,-11221.0593
14,15,-13858.4257
15,15,-6141.6014
16,15,-5398.013
17,15,1710.6608
18,15,248.5079
19,15,5382.9879
20,15,3988.4006
21,15,10413.0962
22,15,7900.4135
23,15,12239.6512
24,15,10388.0361
25,15,14698.6603
26,15,14028.8125
27,15,18729.5899
28,15,17236
29,15,20314
30,15,19301
31,15,22200
32,15,21610
12,16,-24197
13,16,-17117
14,16,-18733.802
15,16,-12007.979
16,16,-12680.8313
17,16,-5582.5182
18,16,-5491.6037
19,16,167.3218
20,16,-1142.1329
21,16,4865.1258
22,16,2936.9
23,16,6637.5463
24,16,4719.9687
25,16,8298.6116
26,16,7194.0221
27,16,11964.05
28,16,11274.7373
29,16,14922
30,16,14375
31,16,16781
32,16,16670
33,16,19652
12,17,-23947
13,17,-17397
14,17,-18360
15,17,-11134.3536
16,17,-11619.0452
17,17,-6061.793
18,17,-5966.2429
19,17,709.5343
20,17,-813.8729
21,17,4916.7109
22,17,3441.9774
23,17,7482.0816
24,17,5760.318
25,17,9590.9082
26,17,7850.3002
27,17,12194.2869
28,17,11508.2568
29,17,16036.3062
30,17,15787
31,17,18075
32,17,17800
33,17,20930
34,17,20780
35,17,23739
13,18,-22935
14,18,-24190
15,18,-16925
16,18,-17158
17,18,-11874.3955
18,18,-12814.3607
19,18,-6147.4775
20,18,-5914.0671
21,18,565
22,18,-1504.4031
23,18,2492.0392
24,18,599.3527
25,18,4565.5836
26,18,3108.2375
27,18,6844.8422
28,18,5642.6746
29,18,10344.7078
30,18,9929.555
31,18,12551
32,18,12498
33,18,16026
34,18,15758
35,18,19086
36,18,17710
14,19,-23489
15,19,-16110
16,19,-16363
17,19,-10966.0155
18,19,-11664.1314
19,19,-6742.2563
20,19,-6524.4888
21,19,1310.9051
22,19,-421.6406
23,19,3525.2626
24,19,1833.4783
25,19,5687.2319
26,19,4196.5868
27,19,7725.6802
28,19,6632.6837
29,19,11940.3857
30,19,11688.5069
31,19,13861.3774
32,19,13816.8529
33,19,17128.6431
34,19,17091.9853
35,19,20010
36,19,19121
37,19,21491
38,19,20689
39,19,23461
40,19,22940
15,20,-21910
16,20,-22601
17,20,-16916
18,20,-17809
19,20,-13109.9804
20,20,-14323.0493
21,20,-6495.5482
22,20,-6426.2904
23,20,-2220.7227
24,20,-3652.6948
25,20,260.091
26,20,-1377.9665
27,20,1992.177
28,20,279.2155
29,20,5262.4445
30,20,4947.8903
31,20,6918.0432
32,20,6257.2889
33,20,9381.8471
34,20,9277.3463
35,20,12191.7329
36,20,12005.458
37,20,14820
38,20,13949
39,20,16639
40,20,15550
41,20,18510
16,21,-21390
17,21,-15619
18,21,-16673
19,21,-11529.9139
20,21,-12944.8214
21,21,-7016.6496
22,21,-6872.5591
23,21,-267.4488
24,21,-2062.0551
25,21,2366.626
26,21,600.7694
27,21,3988.8685
28,21,2001.5652
29,21,6894.747
30,21,6482.6122
31,21,8954.1372
32,21,8111.8785
33,21,11305.8789
34,21,10990.3608
35,21,13907.147
36,21,13022.1957
37,21,15438.0995
38,21,15050
39,21,17549
40,21,16870
41,21,19510
42,21,18930
17,22,-20070
18,22,-21463
19,22,-16008
20,22,-17485
21,22,-11399.2333
22,22,-13740.5071
23,22,-7123.8247
24,22,-7052.3723
25,22,-2930.5422
26,22,-4014.9467
27,22,-601.8555
28,22,-2208.6274
29,22,2470.1402
30,22,1965.334
31,22,4970.2419
32,22,4154.4548
33,22,7292.6673
34,22,6760.4051
35,22,10033.2148
36,22,9512.9152
37,22,11731
38,22,10987.704
39,22,13807
40,22,13013
41,22,15880
42,22,14840
43,22,17320
18,23,-20100
19,23,-14679
20,23,-15946
21,23,-10386.1805
22,23,-12371.64
23,23,-7604.3264
24,23,-7443.9769
25,23,-1656.6918
26,23,-2629.8047
27,23,1038.124
28,23,-752.3907
29,23,3976.4763
30,23,3435.9426
31,23,7037.1118
32,23,5985.1877
33,23,9101.727
34,23,8089.9214
35,23,11561.224
36,23,10505.3137
37,23,13821.0986
38,23,12319.3807
39,23,15639.4478
40,23,14438.1586
41,23,17320
42,23,16200
43,23,18840
44,23,17526
19,24,-19340
20,24,-20882
21,24,-14535
22,24,-17053.8226
23,24,-11996.7167
24,24,-13524.6692
25,24,-7712.4265
26,24,-7634.4776
27,24,-3207.4893
28,24,-4708.1214
29,24,-597.2679
30,24,-1377.1325
31,24,2602.2183
32,24,1626.5384
33,24,4961.2946
34,24,3835.7607
35,24,7409.3977
36,24,6059.4457
37,24,9245.6277
38,24,7671.3532
39,24,10708.7611
40,24,9349.0622
41,24,12657
42,24,11610
43,24,14311
44,24,13230
45,24,15730
46,24,14810
20,25,-19388
21,25,-13628
22,25,-15437
23,25,-11288.0685
24,25,-12869.1957
25,25,-8150.4267
26,25,-8054.04
27,25,-2379.2912
28,25,-3742.8664
29,25,696.3688
30,25,-231.1204
31,25,3695.4973
32,25,2695.7375
33,25,6327.7027
34,25,5139.629
35,25,8445.2283
36,25,7178.373
37,25,10354.092
38,25,8748.5685
39,25,11980.5117
40,25,10250.5576
41,25,13317.4543
42,25,12128
43,25,14977
44,25,13839
45,25,16440
46,25,15310
47,25,18080
48,25,17289
21,26,-17750
22,26,-19738
23,26,-14971
24,26,-16887.0566
25,26,-12847.0389
26,26,-13988.1167
27,26,-8288.1073
28,26,-8244.5478
29,26,-3451.4254
30,26,-4566.6455
31,26,-836.3589
32,26,-2307.9785
33,26,1564.8804
34,26,237.2633
35,26,3977.6759
36,26,2546.3427
37,26,6215.9238
38,26,4822.8898
39,26,7967.3036
40,26,6340.6944
41,26,9613.3678
42,26,7746
43,26,11186
44,26,9635
45,26,12440
46,26,11050
47,26,13980
48,26,12881
49,26,15861
50,26,15070
21,27,-16448
22,27,-18309
23,27,-14130
24,27,-15692
25,27,-11784.123
26,27,-13028.5485
27,27,-8731.7558
28,27,-8694.035
29,27,-2132.8689
30,27,-3261.697
31,27,381.5789
32,27,-1073.005
33,27,2822.8058
34,27,1323.8504
35,27,5322.0404
36,27,3661.3385
37,27,7306.5921
38,27,5940.5911
39,27,9597.7522
40,27,8420.9047
41,27,11821.2318
42,27,9593.2084
43,27,12688.9049
44,27,11036.3053
45,27,13926
46,27,12139
47,27,15160
48,27,13680
49,27,16530
50,27,15440
51,27,19560
24,28,-20680
25,28,-16491
26,28,-18038
27,28,-13700.5585
28,28,-15277.9163
29,28,-8774.9466
30,28,-8561.0204
31,28,-4798.3786
32,28,-6127.981
33,28,-2237.9663
34,28,-3958.8965
35,28,66.9768
36,28,-1674.6156
37,28,2137.8808
38,28,251.9958
39,28,3576.8654
40,28,2103.2205
41,28,5757.565
42,28,3762.5123
43,28,7304.8989
44,28,5556.9381
45,28,8879.2856
46,28,7306
47,28,10230
48,28,8791
49,28,11513
50,28,9910
51,28,14248
52,28,13440
53,28,15820
54,28,15010
25,29,-15538
26,29,-17366
27,29,-13240
28,29,-14759
29,29,-9368.9796
30,29,-9142.776
31,29,-4170.7922
32,29,-5635.1565
33,29,-1619.4548
34,29,-3366.4392
35,29,579.5996
36,29,-1351.6527
37,29,2640.9396
38,29,560.8226
39,29,4440.1115
40,29,2681.6854
41,29,6588.3675
42,29,4617.6517
43,29,8362.4883
44,29,6605.9659
45,29,9750.5077
46,29,8088.6967
47,29,11321.3964
48,29,9926.375
49,29,12693.768
50,29,11024.2629
51,29,14969
52,29,14289
53,29,16584
54,29,15900
55,29,18110
26,30,-21550
27,30,-17140
28,30,-18759
29,30,-13456
30,30,-14584
31,30,-9214.2438
32,30,-9181.0666
33,30,-5666.3294
34,30,-7171.1912
35,30,-3254.538
36,30,-5175.5
37,30,-1001.2201
38,30,-2921.1
39,30,909.9134
40,30,-654.5979
41,30,2810.3405
42,30,442.7892
43,30,4105.9329
44,30,2292.9057
45,30,5901.7231
46,30,3993.6241
47,30,7203.1495
48,30,6220.8433
49,30,9116.0536
50,30,7575.0553
51,30,11428.2924
52,30,10616.7652
53,30,12967
54,30,12264
55,30,14644
56,30,13699
27,31,-15960
28,31,-17390
29,31,-12060
30,31,-13345
31,31,-9847
32,31,-9625.8787
33,31,-4517.3237
34,31,-6179.2631
35,31,-2116.6879
36,31,-4205.438
37,31,-107.2555
38,31,-2227.1455
39,31,1651.8861
40,31,-232.4698
41,31,3997.6263
42,31,1598.1889
43,31,5372.8249
44,31,3396.3337
45,31,6916.2501
46,31,5220.5176
47,31,8157.9729
48,31,6978.8242
49,31,10311.6397
50,31,8663.7335
51,31,12484.3497
52,31,11719.3136
53,31,14054.2989
54,31,13379.3679
55,31,15640
56,31,14720
57,31,17129
28,32,-21890
29,32,-16590
30,32,-17720
31,32,-13421
32,32,-14783
33,32,-9541.167
34,32,-9581.957
35,32,-6086.4858
36,32,-8084.2715
37,32,-3988.4927
38,32,-6228.063
39,32,-2013.4
40,32,-4356.1019
41,32,-344.7759
42,32,-2562.3871
43,32,1177.2301
44,32,-921.5145
45,32,2703.4642
46,32,954.9114
47,32,4108.9014
48,32,2679.2869
49,32,6241.6189
50,32,4690.3523
51,32,8692.8893
52,32,7705.1329
53,32,10065.7253
54,32,9562.2229
55,32,12028
56,32,10930
57,32,13490
58,32,12520
30,33,-16650
31,33,-12673
32,33,-13917
33,33,-10365
34,33,-10006.9381
35,33,-4705.0786
36,33,-6677.4672
37,33,-2404.0737
38,33,-4746.742
39,33,-361.6194
40,33,-2725.3604
41,33,1353.1467
42,33,-864.7139
43,33,2960.5756
44,33,683.1627
45,33,4208.9819
46,33,2281.3849
47,33,5544.8861
48,33,3855.705
49,33,7488.4677
50,33,5671.2117
51,33,10094.1624
52,33,9224.4929
53,33,11541.0256
54,33,10808.2192
55,33,13434
56,33,12462
57,33,14810
58,33,14080
59,33,16344
31,34,-16529
32,34,-18091
33,34,-14051
34,34,-15398
35,34,-10175.2364
36,34,-10504.2727
37,34,-6644.0883
38,34,-8806.4384
39,34,-4581.6095
40,34,-6925.0492
41,34,-3062.4694
42,34,-4962.881
43,34,-1364.6792
44,34,-3573.7836
45,34,150.6016
46,34,-1870.4623
47,34,1588.0317
48,34,-95.2184
49,34,3673.178
50,34,1835.3638
51,34,6161.8335
52,34,5129.086
53,34,7465.5526
54,34,6831.764
55,34,9281.873
56,34,8200.0834
57,34,10527.1716
58,34,9509
59,34,12030
60,34,10846
61,34,13390
32,35,-16978
33,35,-13165
34,35,-14119
35,35,-10325
36,35,-10175.2155
37,35,-5121.1683
38,35,-7094.0287
39,35,-2956.3173
40,35,-4783.388
41,35,-1275.3724
42,35,-3065.3663
43,35,726.1153
44,35,-1625.7778
45,35,2004.4299
46,35,-280.8517
47,35,3093.1185
48,35,976.9222
49,35,4656.251
50,35,2904.8622
51,35,7633.4147
52,35,6817.8455
53,35,8975.3282
54,35,8261.5231
55,35,10958.9533
56,35,9866.6724
57,35,12536.5161
58,35,11245.7673
59,35,13698
60,35,12309
61,35,14872
62,35,13423
63,35,16070
35,36,-14037
36,36,-15611
37,36,-10540.1468
38,36,-10415.828
39,36,-7104.9299
40,36,-8534.6172
41,36,-5338.9516
42,36,-7242.856
43,36,-3639.5114
44,36,-5717.9785
45,36,-2239.4954
46,36,-4403.9824
47,36,-920.0039
48,36,-2680.3708
49,36,687
50,36,-518.6734
51,36,3888.2706
52,36,2917.709
53,36,5176.6042
54,36,4406.3133
55,36,6771.0748
56,36,6003.121
57,36,8483.8977
58,36,7215.0114
59,36,9731.3868
60,36,8272.6693
61,36,11095.646
62,36,10249
63,36,12721
64,36,11796
65,36,13987
36,37,-14061
37,37,-11089
38,37,-10600
39,37,-6231.4432
40,37,-7027.0566
41,37,-3761.4779
42,37,-5323.114
43,37,-1864.009
44,37,-3928.5695
45,37,-177.7503
46,37,-2273.0239
47,37,890.6058
48,37,-1064.051
49,37,1776.0972
50,37,282.2749
51,37,5312.6243
52,37,4496.6278
53,37,6585.3721
54,37,5906.901
55,37,8094.9212
56,37,7465.9434
57,37,10282.9297
58,37,9226.9772
59,37,11563.897
60,37,10061.5295
61,37,12053.2361
62,37,11397.3767
63,37,13551.6204
64,37,12757.4969
65,37,14906.9991
66,37,14120
67,37,16310
37,38,-14799
38,38,-15998
39,38,-11365
40,38,-11001
41,38,-7676.7291
42,38,-9163.305
43,38,-5815.2156
44,38,-7945.965
45,38,-4591.9435
46,38,-6755.1411
47,38,-3261.1584
48,38,-5240
49,38,-1861.6894
50,38,-3622.6
51,38,1502.1757
52,38,545.9674
53,38,2699.3714
54,38,1949.1237
55,38,4141.3118
56,38,3505.7517
57,38,6090.6528
58,38,5411.738
59,38,7534.7807
60,38,5866.3591
61,38,8125.2037
62,38,7503.7365
63,38,9729.8721
64,38,9013.3301
65,38,11177
66,38,10320
67,38,12380
68,38,11490
69,38,13720
38,39,-14839
39,39,-11323
40,39,-11033
41,39,-6388
42,39,-8188.5003
43,39,-4450.0341
44,39,-6294.0125
45,39,-2472.7471
46,39,-4666.9352
47,39,-1314.0763
48,39,-3671.2405
49,39,-670.1549
50,39,-2833.2285
51,39,2275.635
52,39,1544.271
53,39,3642.5294
54,39,2894.8723
55,39,4917.8589
56,39,4452.0031
57,39,7108.8741
58,39,6821.2382
59,39,8993.0098
60,39,6972.9398
61,39,9051.4949
62,39,8106.2003
63,39,10408.7856
64,39,9351.96
65,39,11638
66,39,10888
67,39,12959
68,39,12050
69,39,14170
70,39,13250
39,40,-15120
40,40,-16339
41,40,-11164
42,40,-11804
43,40,-8298.7493
44,40,-10227.8497
45,40,-6895.512
46,40,-8834.9627
47,40,-5472.6536
48,40,-7457.3187
49,40,-4252.2191
50,40,-6111.0165
51,40,-1257.5644
52,40,-2005.7335
53,40,90.8123
54,40,-900.2684
55,40,1126.3312
56,40,163.9704
57,40,2666.1038
58,40,2242.8547
59,40,4718.6736
60,40,3418.5098
61,40,5730.5011
62,40,4716.838
63,40,7219.674
64,40,6093.3367
65,40,8457.2728
66,40,7453
67,40,9704
68,40,8595
69,40,10960
70,40,10090
71,40,12480
72,40,11650
73,40,13870
40,41,-14900
41,41,-11440
42,41,-11273
43,41,-7024
44,41,-8769.9238
45,41,-5023.1337
46,41,-6989.6757
47,41,-3485.0021
48,41,-5610.8105
49,41,-2489.0165
50,41,-4429.1934
51,41,355.2968
52,41,-405.7609
53,41,2045.0163
54,41,925.6009
55,41,3192.059
56,41,1941.9038
57,41,4591.3681
58,41,3634.7623
59,41,6401.7829
60,41,4628.4637
61,41,7262.6008
62,41,5925.6639
63,41,8532.7512
64,41,7415.2411
65,41,9925.3249
66,41,8821.1703
67,41,11204.0998
68,41,9969.4851
69,41,12225.9002
70,41,10980
71,41,13410
72,41,12440
73,41,14720
74,41,13670
75,41,15980
41,42,-15020
42,42,-16470
43,42,-11660
44,42,-12541
45,42,-9194.7656
46,42,-11016.2515
47,42,-7620.0875
48,42,-9447.8181
49,42,-6222.1768
50,42,-7882.8841
51,42,-3200.9629
52,42,-4255.7476
53,42,-1690.5175
54,42,-2973.2411
55,42,-320.264
56,42,-1683.7664
57,42,1357.7631
58,42,-172.0776
59,42,2824.6411
60,42,1012.0557
61,42,3649.5889
62,42,2155.2212
63,42,4955.5157
64,42,3648.2494
65,42,6204.9921
66,42,5173.533
67,42,7623.5438
68,42,6498.7491
69,42,9084.862
70,42,7779
71,42,10162
72,42,8920
73,42,11247
74,42,10003
75,42,12450
76,42,10920
77,42,13590
42,43,-15220
43,43,-11800
44,43,-11960
45,43,-7331
46,43,-9025.4327
47,43,-5840.8951
48,43,-7746.8246
49,43,-4624.4922
50,43,-6389.3929
51,43,-1574.7296
52,43,-2563.5961
53,43,258.7369
54,43,-1103.8722
55,43,1792.6575
56,43,297.5156
57,43,3206.4401
58,43,1613.52
59,43,4533.5134
60,43,2663.2474
61,43,5596.7945
62,43,3648.2396
63,43,6547
64,43,5112.5985
65,43,7738.5736
66,43,6455.6267
67,43,9038.0654
68,43,7760.65
69,43,10371.9409
70,43,9056.2674
71,43,11620.919
72,43,10309
73,43,12855
74,43,11350
75,43,13710
76,43,11910
77,43,14720
78,43,13080
79,43,15475
44,44,-17479
45,44,-12719
46,44,-13250
47,44,-9670
48,44,-11302.1155
49,44,-8204.9136
50,44,-9675.9789
51,44,-5117.1423
52,44,-6392.6529
53,44,-3523
54,44,-5049.6529
55,44,-2040.8632
56,44,-3636.2612
57,44,-545.6846
58,44,-2323.1187
59,44,764.5378
60,44,-1136.4195
61,44,1916.7271
62,44,39.4038
63,44,3001.1457
64,44,1369.7517
65,44,4260.7958
66,44,2756.0638
67,44,5518.5456
68,44,4100.179
69,44,6899.1276
70,44,5489.0622
71,44,8123.9327
72,44,6666.8252
73,44,9406.8875
74,44,7887
75,44,10743
76,44,8899
77,44,11630
78,44,10099
79,44,12640
80,44,11120
81,44,13460
45,45,-11924
46,45,-12400
47,45,-8220
48,45,-10030
49,45,-6805.3428
50,45,-8374.7035
51,45,-3504.3127
52,45,-4791.7118
53,45,-1854.2331
54,45,-3401.6603
55,45,-378.4577
56,45,-1980.2833
57,45,1119.647
58,45,-574.7252
59,45,2435.7789
60,45,566.6347
61,45,3544.8865
62,45,1508.9427
63,45,4493.0596
64,45,2607.2327
65,45,5502.2116
66,45,3682.0153
67,45,6589.9874
68,45,4823.5559
69,45,7780.0712
70,45,6196.5938
71,45,9095.2839
72,45,7527.1313
73,45,10501.5182
74,45,8584.4751
75,45,11660
76,45,9932.203
77,45,12737
78,45,11239
79,45,13690
80,45,12130
81,45,14590
82,45,13490
83,45,17050
46,46,-17249
47,46,-12582
48,46,-13700
49,46,-10060
50,46,-11671.7741
51,46,-6901.8255
52,46,-8254.5607
53,46,-5470.3785
54,46,-7074.703
55,46,-4097.7606
56,46,-5656.2615
57,46,-2654.2778
58,46,-4278.6529
59,46,-1347.0564
60,46,-2965.1434
61,46,34.0458
62,46,-1917.4238
63,46,1112.9469
64,46,-873.5982
65,46,2229.5607
66,46,262.6897
67,46,3436.3252
68,46,1440.4642
69,46,4556.7647
70,46,2711.6378
71,46,5758.0284
72,46,4165.4444
73,46,7238.4816
74,46,5371.9076
75,46,8220.4934
76,46,6489.9492
77,46,9138.8323
78,46,7830
79,46,10560
80,46,8930
81,46,11429
82,46,10320
83,46,13990
84,46,13168
85,46,15010
47,47,-11962
48,47,-12850
49,47,-8940
50,47,-10170
51,47,-5430
52,47,-6781.3511
53,47,-3943.374
54,47,-5497.9186
55,47,-2587
56,47,-4151.0761
57,47,-1148.0787
58,47,-2736.9989
59,47,189.7534
60,47,-1416.3741
61,47,1645.6311
62,47,-215.1002
63,47,2890.6633
64,47,1036.8
65,47,3991.1283
66,47,2016.4615
67,47,5084.1233
68,47,3101.893
69,47,6169.8248
70,47,4236.479
71,47,7147.8469
72,47,5331.1799
73,47,8305.8535
74,47,6671.0057
75,47,9506.2662
76,47,7845.6026
77,47,10469.4858
78,47,8828.1511
79,47,11535
80,47,10092
81,47,12528
82,47,11252
83,47,15220
84,47,14462
85,47,16065
86,47,15059
48,48,-17482
49,48,-13344
50,48,-13730
51,48,-8555
52,48,-10016.4492
53,48,-7291.5642
54,48,-8964.8059
55,48,-6019.2293
56,48,-7785.7166
57,48,-4693.2673
58,48,-6524.0031
59,48,-3423.6586
60,48,-5132.5944
61,48,-2014.8047
62,48,-3878
63,48,-860.1972
64,48,-2584.7306
65,48,323.837
66,48,-1445.1268
67,48,1451.8768
68,48,-462.7305
69,48,2524.6381
70,48,526.5277
71,48,3721.7197
72,48,1770.3754
73,48,4760.7564
74,48,2958.9765
75,48,6014.8503
76,48,4168.342
77,48,7064.2177
78,48,5553.65
79,48,8138.6978
80,48,6951.8716
81,48,9712.7471
82,48,8788.9322
83,48,12812.6089
84,48,11946.1243
85,48,13550
86,48,12510
87,48,14290
50,49,-13400
51,49,-7030
52,49,-8239.277
53,49,-5760
54,49,-7540
55,49,-4555.6174
56,49,-6302.5807
57,49,-3254.4521
58,49,-5054.4281
59,49,-2049.8794
60,49,-3859.3453
61,49,-627.9769
62,49,-2453.4692
63,49,664.9224
64,49,-1038.9941
65,49,1989.9281
66,49,497.4892
67,49,3276.2204
68,49,1454.7073
69,49,4424.6664
70,49,2366.3263
71,49,5370
72,49,3362.0331
73,49,6368.5921
74,49,4385.6489
75,49,7363.697
76,49,5481.3495
77,49,8205.7585
78,49,6589.681
79,49,9171.3131
80,49,7755.7081
81,49,10225.687
82,49,9240.2095
83,49,14135
84,49,13184
85,49,14464
86,49,13522
87,49,15200
88,49,14320
52,50,-13835
53,50,-10422
54,50,-12332
55,50,-9322.5103
56,50,-10880.3964
57,50,-7858.9903
58,50,-9624.6079
59,50,-6379.194
60,50,-8392.248
61,50,-5101.834
62,50,-7056.076
63,50,-3911.1637
64,50,-6063.1189
65,50,-3030.4336
66,50,-4703.9591
67,50,-1758.1788
68,50,-3656.6393
69,50,-589.4452
70,50,-2680.6076
71,50,402.5306
72,50,-1605.7483
73,50,1408.2079
74,50,-612.4067
75,50,2361.4366
76,50,378
77,50,3228.716
78,50,1268.4219
79,50,4038.7874
80,50,2153.4702
81,50,4716.8328
82,50,3088.728
83,50,8049.6228
84,50,7585.2453
85,50,9058.08
86,50,8337
87,50,9911
88,50,9140
89,50,10740
90,50,9900
53,51,-9668
54,51,-11203.9825
55,51,-8253.5423
56,51,-9996
57,51,-6663.6646
58,51,-8535.5871
59,51,-5219.924
60,51,-7249.2597
61,51,-4031.455
62,51,-6069.9281
63,51,-2606.9398
64,51,-4940.6447
65,51,-1558.2272
66,51,-3544.0634
67,51,-305.4459
68,51,-2293
69,51,945.0271
70,51,-1056.0462
71,51,1979.0772
72,51,-51.9128
73,51,2905.073
74,51,766.7
75,51,3671.0321
76,51,1582.203
77,51,4363.9419
78,51,2375.5
79,51,5067.2728
80,51,3229.6099
81,51,5552.9155
82,51,4013.6198
83,51,8514.7483
84,51,8038.4581
85,51,9918.3897
86,51,9243.3698
87,51,11046
88,51,10155
89,51,11977
90,51,11129
91,51,12939
54,52,-14920
55,52,-11227
56,52,-13011
57,52,-10042.8941
58,52,-11761.9766
59,52,-8633.6922
60,52,-10504.1795
61,52,-7227.521
62,52,-9250.7417
63,52,-5724.9628
64,52,-7843.1388
65,52,-4656.9321
66,52,-6719.7015
67,52,-3404.808
68,52,-5615
69,52,-2297.4615
70,52,-4234
71,52,-1228.3898
72,52,-3159.587
73,52,-185.77
74,52,-2153.6712
75,52,702.7199
76,52,-1255.7634
77,52,1502.2919
78,52,-416.7716
79,52,2231.7057
80,52,515.3046
81,52,2920.169
82,52,1509.6875
83,52,6050.3894
84,52,5119.9455
85,52,7052.5063
86,52,6283.9149
87,52,8265.8835
88,52,7238.7734
89,52,9257
90,52,8253
91,52,10259
92,52,9110
93,52,11120
55,53,-10139
56,53,-11502.9589
57,53,-8545.2075
58,53,-10434
59,53,-7036.991
60,53,-8915.8902
61,53,-5553.036
62,53,-7681.0475
63,53,-4373.7764
64,53,-6253.2213
65,53,-2891.9893
66,53,-4983.2433
67,53,-1574.726
68,53,-3764.6525
69,53,-724.2937
70,53,-2694.3302
71,53,302.8501
72,53,-1636.6632
73,53,1235.8904
74,53,-662.3336
75,53,2122.5041
76,53,188.8936
77,53,2944.2864
78,53,970.8477
79,53,3575.4729
80,53,1786.2812
81,53,4082.3946
82,53,2634.1851
83,53,6883.9455
84,53,6027.1455
85,53,7992.3346
86,53,7173.6224
87,53,9380.2388
88,53,8270.643
89,53,10426.6792
90,53,9413
91,53,11542
92,53,10363
93,53,12415
94,53,11199
57,54,-11620
58,54,-13612
59,54,-10439.0876
60,54,-12399.9706
61,54,-8957
62,54,-11004
63,54,-7692.2462
64,54,-9669.6905
65,54,-6489.4269
66,54,-8283.7857
67,54,-5378.6549
68,54,-7210.2195
69,54,-4204.6012
70,54,-5926.3445
71,54,-3109.6184
72,54,-4795.7039
73,54,-2080.8562
74,54,-3928.7617
75,54,-1197.0197
76,54,-2980.7199
77,54,-358.0009
78,54,-2126.2813
79,54,427.36
80,54,-1234.6691
81,54,1168.5917
82,54,-90.3151
83,54,4162.3582
84,54,2914.7839
85,54,5056.5023
86,54,4063.2768
87,54,6280.0423
88,54,5284.9078
89,54,7472.6365
90,54,6399.0606
91,54,8561.0867
92,54,7355.4298
93,54,9520
94,54,8261
95,54,10300
96,54,9180
58,55,-12055
59,55,-8780.4915
60,55,-10779
61,55,-7663
62,55,-9035.1943
63,55,-6210
64,55,-7714.9651
65,55,-5000
66,55,-6357.4948
67,55,-3535.817
68,55,-5388.6934
69,55,-2651.2748
70,55,-4420.7663
71,55,-1680.7697
72,55,-3422.0719
73,55,-562.6171
74,55,-2438.1843
75,55,357.0219
76,55,-1376.6158
77,55,1282.2099
78,55,-517.431
79,55,2058.8368
80,55,268.6983
81,55,2548.2241
82,55,1175.6285
83,55,5374.7776
84,55,4212.8293
85,55,6218.1669
86,55,5255.141
87,55,7327.7007
88,55,6261.6865
89,55,8495.7679
90,55,7461.7591
91,55,9555.8882
92,55,8343.9631
93,55,10633.9614
94,55,9531
95,55,11720
96,55,10660
97,55,12480
60,56,-14330
61,56,-11187
62,56,-12580
63,56,-9570
64,56,-11319
65,56,-8555
66,56,-10066
67,56,-7004
68,56,-8831.1685
69,56,-5909.4836
70,56,-7696.4376
71,56,-4921.8386
72,56,-6743.7167
73,56,-3737.3247
74,56,-5629.4021
75,56,-2909.6936
76,56,-4711.3256
77,56,-2059.1203
78,56,-3731.3434
79,56,-1207.1973
80,56,-2849.5915
81,56,-580.5356
82,56,-1748.3977
83,56,2308.4632
84,56,1044.1542
85,56,3197.3515
86,56,2181.6932
87,56,4234.2623
88,56,3082.53
89,56,5319.1425
90,56,4354.9052
91,56,6414.3615
92,56,5163.8307
93,56,7389.301
94,56,6421.3477
95,56,8370
96,56,7680
97,56,9590
98,56,8610
62,57,-11199
63,57,-7840
64,57,-9500
65,57,-6669
66,57,-8365
67,57,-5343
68,57,-7102
69,57,-4152.9106
70,57,-5916.7727
71,57,-3091.5136
72,57,-5036.037
73,57,-2204.4611
74,57,-4060.8167
75,57,-1254.8898
76,57,-3076.1685
77,57,-385.7605
78,57,-2027.1499
79,57,471.0621
80,57,-1222.1
81,57,1052.4585
82,57,-264.6396
83,57,3762.1676
84,57,2501.2141
85,57,4508.9455
86,57,3434.9108
87,57,5582.2823
88,57,4231.7331
89,57,6404.6947
90,57,5335.5046
91,57,7689.6824
92,57,6450
93,57,8535.7155
94,57,7914.7191
95,57,9690
96,57,8850
97,57,10690
98,57,9850
99,57,11769
100,57,10860
63,58,-11139
64,58,-13094
65,58,-10056
66,58,-11765
67,58,-8587
68,58,-10497
69,58,-7436
70,58,-9203.1617
71,58,-6513.9383
72,58,-8247.4488
73,58,-5407.7842
74,58,-7241.224
75,58,-4480.6319
76,58,-6304.8987
77,58,-3680.4357
78,58,-5168.129
79,58,-2716.9515
80,58,-4437
81,58,-2129.089
82,58,-3388
83,58,583.4758
84,58,-746.5288
85,58,1461.8214
86,58,318.6462
87,58,2558.9318
88,58,1047.6178
89,58,3430.1913
90,58,2137.0282
91,58,4369.4525
92,58,3453.6462
93,58,5554.6233
94,58,4778
95,58,6659
96,58,5640
97,58,7635
98,58,6630
99,58,8504
100,58,7610
101,58,9430
65,59,-8321
66,59,-10001
67,59,-6943
68,59,-8633
69,59,-5800
70,59,-7399
71,59,-4579.225
72,59,-6532.6235
73,59,-3801.6487
74,59,-5605.2112
75,59,-2881.5569
76,59,-4722.2522
77,59,-2141.1234
78,59,-3617.8447
79,59,-1111.6847
80,59,-2811.7226
81,59,-428.9806
82,59,-1823.0137
83,59,2163.6885
84,59,934.1107
85,59,2997.44
86,59,1806.014
87,59,4252.43
88,59,2702.7013
89,59,4872.6133
90,59,3336.1617
91,59,5379.4422
92,59,4163.5021
93,59,6391.5934
94,59,5761.8901
95,59,7720
96,59,6868.4609
97,59,8752.8229
98,59,8059.3109
99,59,9685
100,59,8954
101,59,10525
102,59,9741
66,60,-13631
67,60,-10600
68,60,-12311
69,60,-9195
70,60,-11127
71,60,-7998
72,60,-9798
73,60,-6924.7272
74,60,-8882.5343
75,60,-6151.2907
76,60,-8029.3747
77,60,-5511.1108
78,60,-7102.8119
79,60,-4515.9014
80,60,-6045.2
81,60,-3668.5879
82,60,-4808.5196
83,60,-1041.6463
84,60,-2331.9117
85,60,-164.4982
86,60,-1471.556
87,60,895.1896
88,60,-542.1891
89,60,1688.8697
90,60,-82.6155
91,60,2443.0767
92,60,1104.805
93,60,3317.6236
94,60,2687
95,60,4656.2095
96,60,3964.7175
97,60,5802.9994
98,60,5271.0196
99,60,6830.3441
100,60,6170.1238
101,60,7856
102,60,7030
103,60,8880
67,61,-9070
68,61,-10850
69,61,-7770
70,61,-9490
71,61,-6488
72,61,-8177
73,61,-5388
74,61,-7205.1069
75,61,-4359.0237
76,61,-6081.2029
77,61,-3416.5976
78,61,-5120.7993
79,61,-2756.101
80,61,-4588.9724
81,61,-2159.6062
82,61,-3443.5291
83,61,549.5096
84,61,-616.099
85,61,1542
86,61,224.0638
87,61,2470.1898
88,61,1071.4936
89,61,3454
90,61,1190.2198
91,61,3508.5089
92,61,1912.0559
93,61,4188.9614
94,61,3251.1999
95,61,5193.8878
96,61,4380.5376
97,61,6145.7062
98,61,5653.4982
99,61,7338.5338
100,61,6585.4546
101,61,8339
102,61,7640
103,61,9565
104,61,8840
68,62,-14187
69,62,-10816
70,62,-12939
71,62,-9995
72,62,-11576
73,62,-8709
74,62,-10567
75,62,-7845.7518
76,62,-9748.0968
77,62,-6982.1777
78,62,-8470
79,62,-6008.3127
80,62,-7673
81,62,-5275.824
82,62,-6346.4515
83,62,-2659.8832
84,62,-3878.7573
85,62,-1721.4367
86,62,-3038.5844
87,62,-694.5812
88,62,-2258.9662
89,62,76.6182
90,62,-1874.4774
91,62,807.4073
92,62,-717.1969
93,62,1627.1314
94,62,722.109
95,62,2781.4807
96,62,2018.6123
97,62,3835.5363
98,62,3260.2763
99,62,5119.5577
100,62,4343.8905
101,62,5974.2073
102,62,5306.8315
103,62,7219
104,62,6299
105,62,8440
106,62,7610
70,63,-11176
71,63,-8271
72,63,-9898
73,63,-7154
74,63,-8932
75,63,-6090
76,63,-7767
77,63,-5203.6675
78,63,-6701.4161
79,63,-4349.4074
80,63,-6010
81,63,-3859.6633
82,63,-5064.8984
83,63,-1031.7798
84,63,-2187.6833
85,63,-28.063
86,63,-1314.1437
87,63,971.6815
88,63,-464.1779
89,63,1818.8037
90,63,-484.5225
91,63,1967.9913
92,63,251.9612
93,63,2452.4891
94,63,1364.7614
95,63,3419.5081
96,63,2518.4717
97,63,4448.6112
98,63,3714.5406
99,63,5557.7761
100,63,4814.772
101,63,6461.5416
102,63,5796.6788
103,63,7622
104,63,7006
105,63,8899
106,63,8230
107,63,9989
71,64,-11197
72,64,-13190
73,64,-10246
74,64,-12059
75,64,-9501
76,64,-11300
77,64,-8683.388
78,64,-10400
79,64,-7812.1185
80,64,-9391.3235
81,64,-6526.9329
82,64,-8322.1791
83,64,-4614.2543
84,64,-5732.4723
85,64,-3638.5336
86,64,-4658.2621
87,64,-2565.3796
88,64,-3990
89,64,-1569.334
90,64,-3549.6514
91,64,-819.8588
92,64,-2444.323
93,64,-60.0473
94,64,-1219.0862
95,64,970.7242
96,64,-105.5863
97,64,1955.6357
98,64,1598.8278
99,64,3207.1628
100,64,2411.2959
101,64,4063.0674
102,64,3437.8515
103,64,5107.3505
104,64,4631
105,64,6590
106,64,5860
107,64,7560
108,64,6720
73,65,-8669
74,65,-10430
75,65,-7652
76,65,-9158
77,65,-6440
78,65,-8250.2433
79,65,-5798.0965
80,65,-8157.0853
81,65,-5208.7165
82,65,-6546.6266
83,65,-2677.5501
84,65,-3794.6493
85,65,-1796.1707
86,65,-2871.1525
87,65,-599.3405
88,65,-2170.4134
89,65,237.308
90,65,-2094.5
91,65,438.3762
92,65,-1339.1791
93,65,936.2686
94,65,-365.3613
95,65,1835.9516
96,65,593.7166
97,65,2301.6217
98,65,1785.1041
99,65,3862.6653
100,65,3023.4392
101,65,4775.693
102,65,4028.3686
103,65,5777.2167
104,65,5116
105,65,7000
106,65,6240
107,65,8070
108,65,7230
109,65,9160
74,66,-13513
75,66,-11018
76,66,-12869
77,66,-10121
78,66,-11960.5706
79,66,-9122.4943
80,66,-11316.7007
81,66,-8438.946
82,66,-9868.2304
83,66,-6048.1366
84,66,-7363.7264
85,66,-5129.6421
86,66,-6513.3275
87,66,-4131.1229
88,66,-5754.6363
89,66,-3116.1405
90,66,-4990.9836
91,66,-2591.8068
92,66,-4219.7555
93,66,-1837.6
94,66,-3290
95,66,-859.2003
96,66,-2140.6068
97,66,-2.8309
98,66,-987.1315
99,66,1285.7287
100,66,485.8684
101,66,2368.0076
102,66,1500.8333
103,66,3200
104,66,2528
105,66,4508
106,66,3724
107,66,5610
108,66,4739
109,66,6570
110,66,5780
75,67,-9321
76,67,-10887
77,67,-8002
78,67,-9880
79,67,-6916.2074
80,67,-9149.2869
81,67,-6512.1694
82,67,-7904.2328
83,67,-4114.5689
84,67,-5356.4558
85,67,-3104.4174
86,67,-4545.3918
87,67,-2034.4045
88,67,-3830.6268
89,67,-1326.7201
90,67,-3419.2146
91,67,-883.5812
92,67,-2768.5
93,67,-318.2488
94,67,-1994.9954
95,67,293.6478
96,67,-1210.6141
97,67,962.0559
98,67,-376.6648
99,67,1853.8057
100,67,1009.7971
101,67,2930
102,67,2125.1534
103,67,3870
104,67,3200
105,67,4999
106,67,4304
107,67,6080
108,67,5352
109,67,7241
110,67,6578
111,67,8130
76,68,-14448
77,68,-11657
78,68,-13267
79,68,-10633.4071
80,68,-12713.963
81,68,-9801
82,68,-11340
83,68,-7494.6768
84,68,-8779.9397
85,68,-6494.0723
86,68,-8177.8316
87,68,-5583.2509
88,68,-7377.2657
89,68,-4704.369
90,68,-6600.6151
91,68,-3990.7162
92,68,-5763.1395
93,68,-3302.5839
94,68,-4856.7282
95,68,-2439
96,68,-4033.6302
97,68,-1591.3282
98,68,-3037.6667
99,68,-746.1392
100,68,-1676.8526
101,68,353.491
102,68,-312.1997
103,68,1492.449
104,68,890.9756
105,68,2602
106,68,1915
107,68,3659
108,68,2741
109,68,4711
110,68,3980
111,68,5821
112,68,4990
79,69,-8535
80,69,-10611
81,69,-7661
82,69,-9229.2615
83,69,-5449.8923
84,69,-6813
85,69,-4495.0495
86,69,-6123.3072
87,69,-3568.8794
88,69,-5289.3667
89,69,-2693.5796
90,69,-4736.8869
91,69,-2137.8101
92,69,-4064.4665
93,69,-1656.319
94,69,-3434.5345
95,69,-896.7722
96,69,-2634.6364
97,69,-292.7714
98,69,-1953.2162
99,69,267.488
100,69,-899.127
101,69,968.6148
102,69,96.5468
103,69,1881.9024
104,69,1295.1669
105,69,3080
106,69,2385
107,69,4120
108,69,3417
109,69,5437
110,69,4739
111,69,6550
112,69,5649
113,69,7410
80,70,-14059
81,70,-11242
82,70,-12848
83,70,-8784
84,70,-10265
85,70,-7957.5578
86,70,-9565.988
87,70,-6980.0942
88,70,-8797.4201
89,70,-6124.9081
90,70,-7893.2846
91,70,-5271.8989
92,70,-6989.4042
93,70,-4502.4636
94,70,-6369.7952
95,70,-3853.1403
96,70,-5572.7197
97,70,-3063.619
98,70,-4507.0351
99,70,-2293
100,70,-3457.695
101,70,-1478.3526
102,70,-2519.3805
103,70,-670.2201
104,70,-1374.2287
105,70,470.1219
106,70,-108.9895
107,70,1397.4983
108,70,660.7415
109,70,2419
110,70,1956
111,70,3709
112,70,2870
113,70,4716
114,70,3700
115,70,5480
82,71,-11075
83,71,-6937
84,71,-8235
85,71,-5880.0352
86,71,-7585
87,71,-5109.801
88,71,-6856.003
89,71,-4331.1951
90,71,-6246.5319
91,71,-3663.3333
92,71,-5522.0944
93,71,-2824.0194
94,71,-4806.735
95,71,-2161.9978
96,71,-4058.5198
97,71,-1712.274
98,71,-3365.6321
99,71,-1052.3734
100,71,-2397.1144
101,71,-333.8443
102,71,-1469.2244
103,71,274.2911
104,71,-683.9154
105,71,1194.0947
106,71,496.8425
107,71,2097.4851
108,71,1404.0231
109,71,3103
110,71,2605.5435
111,71,4280
112,71,3567.4325
113,71,5199
114,71,4359
115,71,6104
116,71,5230
117,71,7009
83,72,-10322
84,72,-11819
85,72,-9259
86,72,-10984
87,72,-8413.4492
88,72,-10115.0475
89,72,-7537.2421
90,72,-9387.0211
91,72,-6734.6864
92,72,-8535.5511
93,72,-5787.641
94,72,-7761.2089
95,72,-5116.6971
96,72,-6966.6444
97,72,-4426.46
98,72,-6116.1903
99,72,-3711.0725
100,72,-5072.249
101,72,-3015.2464
102,72,-4103.8117
103,72,-2073.1103
104,72,-3211.0484
105,72,-1166
106,72,-1837
107,72,-105.5801
108,72,-845.8453
109,72,1036.1061
110,72,381.0486
111,72,2010
112,72,1340
113,72,3074.5667
114,72,2183.3883
115,72,3896
116,72,3080
117,72,4809
118,72,3920
84,73,-9906
85,73,-7426
86,73,-9005
87,73,-6494.6267
88,73,-8272
89,73,-5782.188
90,73,-7626.1952
91,73,-5047.25
92,73,-6986.5555
93,73,-4210.3092
94,73,-6257.8523
95,73,-3500.9828
96,73,-5372.5686
97,73,-2846.8656
98,73,-4634.1832
99,73,-2232.7914
100,73,-3669.1553
101,73,-1513.6779
102,73,-2775.8524
103,73,-723.7709
104,73,-2013.0144
105,73,-191
106,73,-1062.2093
107,73,702.6122
108,73,-205.1193
109,73,1815.4592
110,73,1072.1161
111,73,2866
112,73,1993.5
113,73,3901
114,73,3008.4937
115,73,4758
116,73,3850
117,73,5649
118,73,4657
119,73,6520
120,73,5380
121,73,7280
85,74,-10629
86,74,-12451
87,74,-9664
88,74,-11546
89,74,-8906.1859
90,74,-10763.1138
91,74,-8201.9627
92,74,-10050.1358
93,74,-7259
94,74,-9098.0411
95,74,-6508.6195
96,74,-8386.8083
97,74,-5835.8106
98,74,-7530.3525
99,74,-5173.5182
100,74,-6553.9925
101,74,-4344.4885
102,74,-5578.7182
103,74,-3432.5558
104,74,-4753.6082
105,74,-2710.9347
106,74,-3798.8793
107,74,-1716.5331
108,74,-2800
109,74,-556
110,74,-1485.6333
111,74,431.1764
112,74,-581.2819
113,74,1312.5048
114,74,349
115,74,2170
116,74,1214.1824
117,74,3174.2318
118,74,1969
119,74,4042
120,74,2850
121,74,4820
122,74,3620
123,74,5480
86,75,-10647
87,75,-7953
88,75,-9666
89,75,-7047.718
90,75,-8913
91,75,-6405.809
92,75,-8335
93,75,-5799.8944
94,75,-7686.2626
95,75,-4978.3046
96,75,-6953.0469
97,75,-4323.1979
98,75,-6115.6196
99,75,-3677.7177
100,75,-5182.9513
101,75,-2931.7058
102,75,-4312.7271
103,75,-2109.2143
104,75,-3564.1747
105,75,-1481.1659
106,75,-2967.4438
107,75,-837.0348
108,75,-2145.9028
109,75,32.746
110,75,-1013.1393
111,75,1072.7114
112,75,2.4667
113,75,2120.4209
114,75,1007.7049
115,75,3124.8105
116,75,2044.8311
117,75,4293.475
118,75,3162.7597
119,75,5175
120,75,3951
121,75,5918
122,75,4729
123,75,6610
124,75,5541
87,76,-11026
88,76,-12941
89,76,-10151
90,76,-12126
91,76,-9426.4121
92,76,-11328.7644
93,76,-8629.5684
94,76,-10743
95,76,-7885.2079
96,76,-9864.2673
97,76,-7169.7944
98,76,-9209.4466
99,76,-6710.8496
100,76,-8249.2618
101,76,-5909.0234
102,76,-7289.9295
103,76,-4938.4182
104,76,-6378.6679
105,76,-4086.9327
106,76,-5557.4266
107,76,-3461.6215
108,76,-4641.7101
109,76,-2470.3505
110,76,-3827.6813
111,76,-1669.6385
112,76,-2792.3457
113,76,-537.1494
114,76,-1954.2108
115,76,313.5873
116,76,-1046.6722
117,76,1141.9038
118,76,96.6
119,76,2180.722
120,76,1158.3989
121,76,3185
122,76,2110
123,76,4128
124,76,3020
125,76,5000
126,76,4110
127,76,7100
88,77,-11277
89,77,-8523
90,77,-10319
91,77,-7656.1526
92,77,-9629
93,77,-6883
94,77,-8945.4613
95,77,-6272.7035
96,77,-8331.6974
97,77,-5468.3293
98,77,-7685.8265
99,77,-4948.0041
100,77,-6676.988
101,77,-4256.8282
102,77,-5813.592
103,77,-3547.6546
104,77,-5081.5379
105,77,-2883.262
106,77,-4428.9417
107,77,-2278.3688
108,77,-3647.4137
109,77,-1307.903
110,77,-2864.0151
111,77,-523.986
112,77,-1980.247
113,77,552.8893
114,77,-1010.4903
115,77,1452.8946
116,77,-56.6276
117,77,2228.3252
118,77,1101.5601
119,77,3209.0164
120,77,2155.6519
121,77,4194
122,77,2990.1656
123,77,5030
124,77,3901
125,77,6052
126,77,5140
127,77,8050
128,77,7220
90,78,-13540
91,78,-10676
92,78,-12596
93,78,-9904.2655
94,78,-11788.6592
95,78,-9104.7415
96,78,-11259
97,78,-8304.998
98,78,-10412.9516
99,78,-7824.7003
100,78,-9694.4567
101,78,-7279.5556
102,78,-8804.229
103,78,-6510.3575
104,78,-7864.4447
105,78,-5581.7092
106,78,-7013.7724
107,78,-4829.9942
108,78,-6149.5913
109,78,-3656.5811
110,78,-5449.6549
111,78,-2887.4471
112,78,-4472.9637
113,78,-1900.4257
114,78,-3516.3415
115,78,-1074.8477
116,78,-2548.1518
117,78,-226.8175
118,78,-1505.8204
119,78,719.9769
120,78,-323.2251
121,78,1705.0525
122,78,640.9158
123,78,2660
124,78,1660.854
125,78,3633
126,78,2770
127,78,5750
128,78,4950
129,78,6501
130,78,5410
91,79,-9119
92,79,-10901
93,79,-8256.6495
94,79,-10171
95,79,-7417
96,79,-9434.2436
97,79,-6736.3283
98,79,-8769.9135
99,79,-5987.6832
100,79,-8055.648
101,79,-5375.133
102,79,-7210.0126
103,79,-4727.0905
104,79,-6386.8322
105,79,-3973.9269
106,79,-5674.4989
107,79,-3175.7972
108,79,-4910.2713
109,79,-2172.9634
110,79,-3955.58
111,79,-1462.915
112,79,-3206.0616
113,79,-760.7028
114,79,-2342.6641
115,79,-27.9978
116,79,-1553.719
117,79,687.2263
118,79,-599.5206
119,79,1373.5226
120,79,452.3142
121,79,2263.1737
122,79,1261.8237
123,79,2992.3278
124,79,2125.7592
125,79,4300
126,79,3717
127,79,6755
128,79,5847
129,79,7355
130,79,6380
131,79,7980
96,80,-12369.3668
97,80,-9435.7198
98,80,-11702
99,80,-8663.2918
100,80,-10860.075
101,80,-7862.378
102,80,-10249.6721
103,80,-7217.3941
104,80,-9461.4321
105,80,-6425.9062
106,80,-8656.119
107,80,-5673.917
108,80,-7861.9485
109,80,-5010.2727
110,80,-7004.3892
111,80,-4308.8981
112,80,-6139.2324
113,80,-3584.9466
114,80,-5246.4542
115,80,-2858.0499
116,80,-4329.3455
117,80,-2186.0092
118,80,-3425.5625
119,80,-1486.6695
120,80,-2456.0403
121,80,-481.7508
122,80,-1364.8906
123,80,492.1062
124,80,-344.0781
125,80,1533.0836
126,80,1307.5659
127,80,4546.9906
128,80,3484.7131
129,80,5035
130,80,3947
131,80,5688
132,80,4571
133,80,6416
134,80,5306
135,80,7079
136,80,6050
97,81,-8187
98,81,-10321.2401
99,81,-7449.3696
100,81,-9688.1182
101,81,-6502.6567
102,81,-9007.2534
103,81,-5831.7688
104,81,-8216.5333
105,81,-5202.0427
106,81,-7457.637
107,81,-4525.3784
108,81,-6772.0862
109,81,-3949.6288
110,81,-5991.7073
111,81,-3320.4029
112,81,-5247.9637
113,81,-2729.6315
114,81,-4417.2524
115,81,-2148.3639
116,81,-3608.8367
117,81,-1461.3103
118,81,-2827.6624
119,81,-796.3695
120,81,-1909.7458
121,81,-39.811
122,81,-974.8265
123,81,763.7453
124,81,-50.6402
125,81,1532.2128
126,81,1417.5323
127,81,4998.3984
128,81,3969.7809
129,81,5481.4334
130,81,4415.0129
131,81,5998
132,81,4987.4088
133,81,6648
134,81,5688
135,81,7361
136,81,6399
137,81,8081
102,82,-12306
103,82,-9305
104,82,-11535.3999
105,82,-8603.6798
106,82,-10616.2241
107,82,-7779.3555
108,82,-9820.7014
109,82,-7051.8922
110,82,-9017.3089
111,82,-6344.6913
112,82,-8184.8462
113,82,-5712.4729
114,82,-7339.202
115,82,-5058.1894
116,82,-6693.5916
117,82,-4434.1181
118,82,-5880.2841
119,82,-3842.0269
120,82,-5189.7539
121,82,-3261.5896
122,82,-4463.8883
123,82,-2704.5927
124,82,-3757.3057
125,82,-2397.414
126,82,-2878.368
127,82,644.0152
128,82,63.4758
129,82,1366.1041
130,82,569.0133
131,82,2028.073
132,82,1017.7611
133,82,2712.9729
134,82,1636
135,82,3530
136,82,2414
137,82,4300
138,82,3171
103,83,-7247.0279
104,83,-9207.0832
105,83,-6650.4226
106,83,-8642.6682
107,83,-6033.1975
108,83,-8170.6205
109,83,-5468.0534
110,83,-7559.2614
111,83,-5018.4029
112,83,-6908.9121
113,83,-4540.3012
114,83,-6294.1172
115,83,-3900.5727
116,83,-5558.7875
117,83,-3428.8901
118,83,-4907.8397
119,83,-2809.285
120,83,-4214.0744
121,83,-2304.8814
122,83,-3544.171
123,83,-1839.5323
124,83,-2908.8541
125,83,-1400.9438
126,83,-1892.5741
127,83,1161.1549
128,83,573.3763
129,83,2251.4656
130,83,1421.8481
131,83,3269.1925
132,83,2171.0426
133,83,4091.652
134,83,2846.5103
135,83,4859.3866
136,83,3638
137,83,5696
138,83,4426
139,83,6464
140,83,5161
141,83,7159
107,84,-8932.644
108,84,-10992.2252
109,84,-8257.9789
110,84,-10288.1273
111,84,-7646.3554
112,84,-9555.5564
113,84,-7037.8235
114,84,-8764.5316
115,84,-6415.4515
116,84,-7953.7897
117,84,-5731.7247
118,84,-7346.4628
119,84,-5148.2116
120,84,-6465.7939
121,84,-4536.8793
122,84,-5749.2803
123,84,-3918.2186
124,84,-4999.3061
125,84,-3482.2417
126,84,-3980.9605
127,84,-785.3012
128,84,-1741.2596
129,84,-73.9972
130,84,-1090.8208
131,84,714.8128
132,84,-474.3423
133,84,1488.8543
134,84,256.4334
135,84,2285.3395
136,84,887.7139
137,84,2991.0276
138,84,1533.2393
139,84,3651
140,84,2199
141,84,4280
142,84,2889
143,84,4850
108,85,-9110.2435
109,85,-6441.1134
110,85,-8520.5842
111,85,-5888.3439
112,85,-7865.6231
113,85,-5478.4271
114,85,-7263.5308
115,85,-4987.4394
116,85,-6682.0288
117,85,-4320.5458
118,85,-5978.5623
119,85,-3905.136
120,85,-5274.7547
121,85,-3306.4697
122,85,-4592.74
123,85,-2814.5118
124,85,-3942.7237
125,85,-2367.3352
126,85,-2891.8615
127,85,31.0705
128,85,-883.5727
129,85,940.5125
130,85,-87.5935
131,85,2003.3657
132,85,736.032
133,85,2882.8048
134,85,1566.6838
135,85,3763.755
136,85,2311.375
137,85,4581.0714
138,85,3038.2698
139,85,5265.9197
140,85,3765
141,85,5913
142,85,4544
143,85,6637
144,85,5527
111,86,-8743.5996
112,86,-10808.0177
113,86,-8331.2349
114,86,-10134.0327
115,86,-7695.9856
116,86,-9376.0984
117,86,-7060.4572
118,86,-8577.4239
119,86,-6399.9479
120,86,-7886.0592
121,86,-5785.7211
122,86,-6990.4614
123,86,-5158.9051
124,86,-6261.2558
125,86,-4615.0152
126,86,-5143.221
127,86,-2141.7493
128,86,-3361.3369
129,86,-1487.1274
130,86,-2717.7096
131,86,-656.0967
132,86,-1842.0267
133,86,212.3984
134,86,-870.3384
135,86,1194.1032
136,86,-6.1461
137,86,2007.4091
138,86,696.484
139,86,2713.5412
140,86,1226.6542
141,86,3203.3894
142,86,1859.2451
143,86,3694.1465
144,86,2683
145,86,4469
114,87,-8348.2439
115,87,-5973.362
116,87,-7724.9182
117,87,-5453.7889
118,87,-7113.6693
119,87,-4812.4721
120,87,-6363.0084
121,87,-4392.8615
122,87,-5640.3845
123,87,-3786.3467
124,87,-4972.1844
125,87,-3317.2355
126,87,-3899.7568
127,87,-1051.0675
128,87,-2213.8573
129,87,-320.4441
130,87,-1574.8729
131,87,413.8838
132,87,-776.9137
133,87,1210.2406
134,87,313.3741
135,87,2057.898
136,87,1149.0844
137,87,2922.7819
138,87,1827.5584
139,87,3852.9638
140,87,2504.9813
141,87,4444.027
142,87,3106.2907
143,87,4970.4627
144,87,3864.0868
145,87,5575.8791
146,87,4585.9906
117,88,-8302.8357
118,88,-9919.1406
119,88,-7632.2404
120,88,-9032.9208
121,88,-6986.6464
122,88,-8321.2403
123,88,-6311.6152
124,88,-7498.3626
125,88,-5795.4721
126,88,-6340.5313
127,88,-3498.5554
128,88,-4858.2701
129,88,-2812.7853
130,88,-4205.2887
131,88,-2175.7005
132,88,-3471.664
133,88,-1567.1715
134,88,-2301.5922
135,88,-591.8099
136,88,-1408.3152
137,88,355.7386
138,88,-641.6252
139,88,1327.9489
140,88,45.5402
141,88,1872.0266
142,88,677.9196
143,88,2453.6351
144,88,1342.5322
145,88,3026.0244
146,88,2089.4348
147,88,3773
119,89,-5927.1868
120,89,-7550
121,89,-5295.442
122,89,-6732.9111
123,89,-4811.2864
124,89,-5979.0781
125,89,-4261.6599
126,89,-4890.8833
127,89,-2148.8006
128,89,-3503.459
129,89,-1515.9019
130,89,-2893.2268
131,89,-945.7825
132,89,-2408.8773
133,89,-581.2415
134,89,-1560.3471
135,89,238.5672
136,89,-672.8878
137,89,1111.5517
138,89,44.7559
139,89,2123.7545
140,89,1104.4191
141,89,2975.8745
142,89,1947.0425
143,89,3707.7131
144,89,2576.395
145,89,4228.2364
146,89,3339.4064
147,89,4965.7951
148,89,4065
121,90,-8175.8296
122,90,-9485.6366
123,90,-7534.0866
124,90,-8764.963
125,90,-6883.1037
126,90,-7525.2616
127,90,-4848.968
128,90,-6282.8212
129,90,-4120.4434
130,90,-5588.8595
131,90,-3435.0112
132,90,-4861.322
133,90,-2952.2124
134,90,-3866.7705
135,90,-2046.4473
136,90,-2835.9504
137,90,-1025.6117
138,90,-2152.6993
139,90,-311.331
140,90,-1311.0313
141,90,391.4727
142,90,-499.8388
143,90,1242.232
144,90,274.0882
145,90,1728.8531
146,90,921.2477
147,90,2427.4736
148,90,1631
149,90,3162
124,91,-7084.7747
125,91,-5242.6308
126,91,-5916
127,91,-3245.0869
128,91,-4712.7298
129,91,-2735
130,91,-4145.059
131,91,-2208.4729
132,91,-3707.6637
133,91,-1880.3393
134,91,-3015.361
135,91,-1295.1978
136,91,-2214.6629
137,91,-296.402
138,91,-1313.7716
139,91,558.5262
140,91,-381.6138
141,91,1337.1034
142,91,570.2993
143,91,2193.9105
144,91,1370.1184
145,91,2889.373
146,91,2137.4905
147,91,3586.3111
148,91,2765
149,91,4295
150,91,3543
127,92,-6140.9976
128,92,-7462
129,92,-5390
130,92,-7001.8072
131,92,-4613.3046
132,92,-6289.5572
133,92,-4246.0969
134,92,-5488.0792
135,92,-3533.9848
136,92,-4605
137,92,-2590.7577
138,92,-3621.5986
139,92,-1817.7347
140,92,-2750
141,92,-1029.4197
142,92,-1809.8462
143,92,-124.2619
144,92,-933.5116
145,92,518.5338
146,92,-146.8652
147,92,1261.6634
148,92,399.2685
149,92,1882
150,92,1203
151,92,2674
128,93,-6019
129,93,-3785
130,93,-5462
131,93,-3248
132,93,-4682
133,93,-2813
134,93,-4191
135,93,-2283
136,93,-3593.5462
137,93,-1695.5543
138,93,-2684.8905
139,93,-1001
140,93,-2103.3047
141,93,-395.1807
142,93,-1139.3021
143,93,476.5854
144,93,-220.063
145,93,1291.4491
146,93,722.7849
147,93,2190.9095
148,93,1360
149,93,2700
150,93,2051
151,93,3434
152,93,2672
129,94,-6579
130,94,-7980
131,94,-6090
132,94,-7340
133,94,-5410
134,94,-6742
135,94,-4785.4899
136,94,-5940
137,94,-4101
138,94,-5059
139,94,-3233
140,94,-4112
141,94,-2442.2558
142,94,-3139
143,94,-1478
144,94,-2258.2731
145,94,-802.1402
146,94,-1384.7902
147,94,20.7799
148,94,-751.1373
149,94,579.5559
150,94,-73.1143
151,94,1277.7559
152,94,401
153,94,2057
136,95,-4860
137,95,-2913
138,95,-4008
139,95,-2261
140,95,-3389
141,95,-1812
142,95,-2677
143,95,-1023.7818
144,95,-1756.6021
145,95,-214.1127
146,95,-767.4346
147,95,664.3145
148,95,-6.9302
149,95,1427.3
150,95,895.8929
151,95,2377
152,95,1620
153,95,3170
154,95,2353
137,96,-5478
138,96,-6673
139,96,-4757
140,96,-5689
141,96,-3963
142,96,-4771
143,96,-3103
144,96,-3940
145,96,-2279
146,96,-2948
147,96,-1507.6936
148,96,-2261.9902
149,96,-809.2519
150,96,-1350
151,96,43.5841
152,96,-738.3049
153,96,904.363
154,96,37.582
155,96,1420
156,96,521
140,97,-4728
141,97,-3061
142,97,-3952
143,97,-2324
144,97,-3346
145,97,-1635
146,97,-2300
147,97,-764.2709
148,97,-1571.3755
149,97,-123.3159
150,97,-619.8711
151,97,893.1015
152,97,123.6
153,97,1781.6696
154,97,1093
155,97,2500
156,97,1627
157,97,3052
141,98,-5429
142,98,-6237
143,98,-4567
144,98,-5414
145,98,-3757
146,98,-4547
147,98,-2930
148,98,-3728.5741
149,98,-2469.0006
150,98,-3061
151,98,-1452
152,98,-2055
153,98,-376.566
154,98,-1260
155,98,291.0753
156,98,-652.7561
157,98,720
158,98,-144
142,99,-5327
143,99,-3598
144,99,-4569
145,99,-2938
146,99,-3877
147,99,-2372.3848
148,99,-3094
149,99,-1599
150,99,-2344
151,99,-847
152,99,-1447.261
153,99,477.9998
154,99,-335.0623
155,99,1091.63
156,99,288.7717
157,99,1700
158,99,813
159,99,2276
144,100,-6634
145,100,-5133
146,100,-5924
147,100,-4263
148,100,-5050
149,100,-3661.8091
150,100,-4326.9476
151,100,-3007.9406
152,100,-3650.5075
153,100,-1827
154,100,-2550
155,100,-1041.6037
156,100,-1971
157,100,-402.3347
158,100,-1264
159,100,140
160,100,-784
147,101,-3741
148,101,-4606
149,101,-3167
150,101,-3882
151,101,-2404.2523
152,101,-3186
153,101,-1271
154,101,-1969.8648
155,101,-367
156,101,-1254.5923
157,101,213
158,101,-515
159,101,940
160,101,123
161,101,1566
149,102,-4981
150,102,-5666
151,102,-4164.7752
152,102,-4922.5753
153,102,-3135.3716
154,102,-3923.5573
155,102,-2418
156,102,-3304
157,102,-1771
158,102,-2667
159,102,-1102
160,102,-2004
161,102,-540
162,102,-1364
150,103,-5118
151,103,-3555
152,103,-4382
153,103,-2475.3893
154,103,-3201
155,103,-1562
156,103,-2516
157,103,-871
158,103,-1761
159,103,-287
160,103,-1087
161,103,300
162,103,-457
163,103,1526
151,104,-5265
152,104,-6076
153,104,-4287.8969
154,104,-5163.3651
155,104,-3624
156,104,-4525
157,104,-2990
158,104,-3861
159,104,-2353
160,104,-3187
161,104,-1692
162,104,-2604
163,104,-570
164,104,-1584
153,105,-3788
154,105,-4528
155,105,-2875
156,105,-3697
157,105,-2116
158,105,-3085
159,105,-1521
160,105,-2412
161,105,-877
162,105,-1792
163,105,260
164,105,-544
165,105,966
154,106,-6576
155,106,-5074.4052
156,106,-5883.0463
157,106,-4301
158,106,-5175
159,106,-3601
160,106,-4487
161,106,-2958
162,106,-3907
163,106,-1785
164,106,-2799
165,106,-1242
166,106,-2267
167,106,-763
156,107,-5182
157,107,-3605
158,107,-4505
159,107,-3036
160,107,-3893
161,107,-2261
162,107,-3016
163,107,-882
164,107,-1832
165,107,-217
166,107,-1084
167,107,356
168,107,-712
169,107,765
170,107,-275
171,107,1150
157,108,-5724
158,108,-6533.0066
159,108,-5133
160,108,-6183
161,108,-4807
162,108,-5597
163,108,-3409
164,108,-4477
165,108,-3015
166,108,-3843
167,108,-2275
168,108,-3127
169,108,-1633
170,108,-2547
171,108,-1085
172,108,-2090
158,109,-6089
159,109,-4497
160,109,-5535
161,109,-3973
162,109,-4853
163,109,-2601
164,109,-3503
165,109,-1948
166,109,-2899
167,109,-1227
168,109,-2084
169,109,-484
170,109,-1439
171,109,190
172,109,-873
173,109,665
162,110,-6690
163,110,-4600
164,110,-5415
165,110,-3729
166,110,-4847
167,110,-3315
168,110,-4270
169,110,-2697
170,110,-3566
171,110,-2060
172,110,-2952
173,110,-1550
174,110,-2510
165,111,-2974
166,111,-3925
167,111,-2321
168,111,-3299
169,111,-1768
170,111,-2614
171,111,-1084
172,111,-1957
173,111,-445
174,111,-1357
175,111,61
166,112,-6188
167,112,-4439
168,112,-5585
169,112,-3863
170,112,-4903
171,112,-3226
172,112,-4176
173,112,-2682
174,112,-3507
175,112,-2085
176,112,-3039
171,113,-2188
172,113,-3164
173,113,-1649
174,113,-2474
175,113,-947
176,113,-1915
177,113,-416
173,114,-3819
174,114,-4749
175,114,-3217
176,114,-4061
177,114,-2680
174,115,-3774
175,115,-2236
176,115,-3064
177,115,-1533
175,116,-4409
176,116,-5488
177,116,-3860
176,117,-4374
177,117,-2923
