n,z,electronCapture(keV)
1,2,-18.59202
2,2,-22196.2131
3,2,-21661.2131
4,2,-24283.6294
5,2,-23062
1,3,22898.274
2,3,447.6529
3,3,-3505.2147
4,3,-11166.0229
5,3,-10663.8784
6,3,-15980.9213
7,3,-16144.5191
1,4,25460
2,4,4288.1534
3,4,861.893
4,4,-16004.1329
5,4,-13606.4541
6,4,-20445.1411
7,4,-20551.0898
8,4,-23931.8152
9,4,-23321.8152
1,5,28945
2,5,11907.5551
3,5,17979.8973
4,5,1068.0349
5,5,-556.8759
6,5,-11509.4607
7,5,-11708.3636
8,5,-17097.1315
9,5,-16290.8166
10,5,-20868.4411
11,5,-20335.4399
2,6,12142.7002
3,6,16494.4854
4,6,3648.0623
5,6,1981.6889
6,6,-13369.3979
7,6,-13436.9387
8,6,-20643.7926
9,6,-19084.2343
10,6,-23417.5656
11,6,-22684.4422
12,6,-26873.3742
13,6,-27356.4961
14,6,-31898.0019
15,6,-32740
3,7,23101.3545
4,7,13716.2469
5,7,17338.0681
6,7,2220.4718
7,7,-156.4765
8,7,-9771.7071
9,7,-8010.226
10,7,-13161.8007
11,7,-11806.0982
12,7,-16557.4995
13,7,-15737.0689
14,7,-20411
15,7,-21846.3983
16,7,-27450
3,8,23373.2693
4,8,14675.2668
5,8,17769.9506
6,8,5144.3643
7,8,2754.1841
8,8,-10420.9094
9,8,-8678.843
10,8,-13895.9838
11,8,-12523.3972
12,8,-17970.3261
13,8,-17169.8816
14,8,-22481.7725
15,8,-22099.0584
16,8,-28438
17,8,-28654
4,9,18915
5,9,23956.6215
6,9,13711.13
7,9,15412.184
8,9,2760.4655
9,9,1655.9288
10,9,-4820.3029
11,9,-3813.6349
12,9,-8109.639
13,9,-6489.6562
14,9,-11336.1072
15,9,-10955.8885
16,9,-15994.8633
17,9,-15986.3855
18,9,-19536
19,9,-18676
5,10,23648.6215
6,10,13311.5932
7,10,14548.7507
8,10,4444.5049
9,10,3239.4986
10,10,-7024.4689
11,10,-5684.1712
12,10,-10818.0916
13,10,-8439.3084
14,10,-13496.1583
15,10,-13369.6698
16,10,-18193.5414
17,10,-18082.568
18,10,-22104.0579
19,10,-21750.3873
20,10,-25680
21,10,-25661
6,11,18219.1277
7,11,19720.3745
8,11,11177.331
9,11,13892.4207
10,11,3546.919
11,11,2843.3243
12,11,-4375.8085
13,11,-2466.2583
14,11,-7322.3107
15,11,-7341.894
16,11,-12568.7005
17,11,-12288.0534
18,11,-15719.8092
19,11,-14805.4501
20,11,-18935.5625
21,11,-18359
22,11,-22350
23,11,-21161
7,12,18909.0095
8,12,10627.2054
9,12,13088.708
10,12,4781.4051
11,12,4056.179
12,12,-5515.6774
13,12,-3834.9684
14,12,-9353.7631
15,12,-9068.8037
16,12,-14031.6303
17,12,-13292.3538
18,12,-17356.0423
19,12,-15368.1833
20,12,-19469.0523
21,12,-18817.24
22,12,-23356.7903
23,12,-22192
24,12,-25523
25,12,-24923
26,12,-27831
27,12,-27201
8,13,16186
9,13,18601
10,13,12221.7457
11,13,13884.766
12,13,4276.808
13,13,4004.4042
14,13,-2610.2694
15,13,-1830.774
16,13,-7595.4023
17,13,-6982.744
18,13,-11828.5569
19,13,-10270.4677
20,13,-13460.255
21,13,-11320.9428
22,13,-15863.5156
23,13,-14429.7751
24,13,-18401.9132
25,13,-17604
26,13,-21286
27,13,-20729
28,13,-23510
8,14,15439
9,14,17202
10,14,10793.9978
11,14,12743.2956
12,14,5069.1361
13,14,4812.3583
14,14,-4642.0776
15,14,-3687.3192
16,14,-8568.8459
17,14,-7998.3286
18,14,-12978.3208
19,14,-12016.946
20,14,-16994.0653
21,14,-14167.7504
22,14,-18386.5096
23,14,-16381.0765
24,14,-20640
25,14,-19169
26,14,-23154
27,14,-21390
28,14,-25150
29,14,-23940
9,15,23275
10,15,16363
11,15,18114
12,15,11725.473
13,15,14344.9407
14,15,4942.2325
15,15,4232.1065
16,15,-1491.5071
17,15,-227.1872
18,15,-5823.0223
19,15,-4557.0175
20,15,-10466.3291
21,15,-7814.9194
22,15,-12424.5003
23,15,-10451.2656
24,15,-15094.9874
25,15,-13806.0653
26,15,-18180
27,15,-15748
28,15,-19289
29,15,-18200
30,15,-21130
10,16,16707
11,16,18150
12,16,11221.0593
13,16,13858.4257
14,16,6141.6014
15,16,5398.013
16,16,-1710.6608
17,16,-248.5079
18,16,-5382.9879
19,16,-3988.4006
20,16,-10413.0962
21,16,-7900.4135
22,16,-12239.6512
23,16,-10388.0361
24,16,-14698.6603
25,16,-14028.8125
26,16,-18729.5899
27,16,-17236
28,16,-20314
29,16,-19301
30,16,-22200
31,16,-21610
11,17,24197
12,17,17117
13,17,18733.802
14,17,12007.979
15,17,12680.8313
16,17,5582.5182
17,17,5491.6037
18,17,-167.3218
19,17,1142.1329
20,17,-4865.1258
21,17,-2936.9
22,17,-6637.5463
23,17,-4719.9687
24,17,-8298.6116
25,17,-7194.0221
26,17,-11964.05
27,17,-11274.7373
28,17,-14922
29,17,-14375
30,17,-16781
31,17,-16670
32,17,-19652
11,18,23947
12,18,17397
13,18,18360
14,18,11134.3536
15,18,11619.0452
16,18,6061.793
17,18,5966.2429
18,18,-709.5343
19,18,813.8729
20,18,-4916.7109
21,18,-3441.9774
22,18,-7482.0816
23,18,-5760.318
24,18,-9590.9082
25,18,-7850.3002
26,18,-12194.2869
27,18,-11508.2568
28,18,-16036.3062
29,18,-15787
30,18,-18075
31,18,-17800
32,18,-20930
33,18,-20780
34,18,-23739
12,19,22935
13,19,24190
14,19,16925
15,19,17158
16,19,11874.3955
17,19,12814.3607
18,19,6147.4775
19,19,5914.0671
20,19,-565
21,19,1504.4031
22,19,-2492.0392
23,19,-599.3527
24,19,-4565.5836
25,19,-3108.2375
26,19,-6844.8422
27,19,-5642.6746
28,19,-10344.7078
29,19,-9929.555
30,19,-12551
31,19,-12498
32,19,-16026
33,19,-15758
34,19,-19086
35,19,-17710
13,20,23489
14,20,16110
15,20,16363
16,20,10966.0155
17,20,11664.1314
18,20,6742.2563
19,20,6524.4888
20,20,-1310.9051
21,20,421.6406
22,20,-3525.2626
23,20,-1833.4783
24,20,-5687.2319
25,20,-4196.5868
26,20,-7725.6802
27,20,-6632.6837
28,20,-11940.3857
29,20,-11688.5069
30,20,-13861.3774
31,20,-13816.8529
32,20,-17128.6431
33,20,-17091.9853
34,20,-20010
35,20,-19121
36,20,-21491
37,20,-20689
38,20,-23461
39,20,-22940
14,21,21910
15,21,22601
16,21,16916
17,21,17809
18,21,13109.9804
19,21,14323.0493
20,21,6495.5482
21,21,6426.2904
22,21,2220.7227
23,21,3652.6948
24,21,-260.091
25,21,1377.9665
26,21,-1992.177
27,21,-279.2155
28,21,-5262.4445
29,21,-4947.8903
30,21,-6918.0432
31,21,-6257.2889
32,21,-9381.8471
33,21,-9277.3463
34,21,-12191.7329
35,21,-12005.458
36,21,-14820
37,21,-13949
38,21,-16639
39,21,-15550
40,21,-18510
15,22,21390
16,22,15619
17,22,16673
18,22,11529.9139
19,22,12944.8214
20,22,7016.6496
21,22,6872.5591
22,22,267.4488
23,22,2062.0551
24,22,-2366.626
25,22,-600.7694
26,22,-3988.8685
27,22,-2001.5652
28,22,-6894.747
29,22,-6482.6122
30,22,-8954.1372
31,22,-8111.8785
32,22,-11305.8789
33,22,-10990.3608
34,22,-13907.147
35,22,-13022.1957
36,22,-15438.0995
37,22,-15050
38,22,-17549
39,22,-16870
40,22,-19510
41,22,-18930
16,23,20070
17,23,21463
18,23,16008
19,23,17485
20,23,11399.2333
21,23,13740.5071
22,23,7123.8247
23,23,7052.3723
24,23,2930.5422
25,23,4014.9467
26,23,601.8555
27,23,2208.6274
28,23,-2470.1402
29,23,-1965.334
30,23,-4970.2419
31,23,-4154.4548
32,23,-7292.6673
33,23,-6760.4051
34,23,-10033.2148
35,23,-9512.9152
36,23,-11731
37,23,-10987.704
38,23,-13807
39,23,-13013
40,23,-15880
41,23,-14840
42,23,-17320
17,24,20100
18,24,14679
19,24,15946
20,24,10386.1805
21,24,12371.64
22,24,7604.3264
23,24,7443.9769
24,24,1656.6918
25,24,2629.8047
26,24,-1038.124
27,24,752.3907
28,24,-3976.4763
29,24,-3435.9426
30,24,-7037.1118
31,24,-5985.1877
32,24,-9101.727
33,24,-8089.9214
34,24,-11561.224
35,24,-10505.3137
36,24,-13821.0986
37,24,-12319.3807
38,24,-15639.4478
39,24,-14438.1586
40,24,-17320
41,24,-16200
42,24,-18840
43,24,-17526
18,25,19340
19,25,20882
20,25,14535
21,25,17053.8226
22,25,11996.7167
23,25,13524.6692
24,25,7712.4265
25,25,7634.4776
26,25,3207.4893
27,25,4708.1214
28,25,597.2679
29,25,1377.1325
30,25,-2602.2183
31,25,-1626.5384
32,25,-4961.2946
33,25,-3835.7607
34,25,-7409.3977
35,25,-6059.4457
36,25,-9245.6277
37,25,-7671.3532
38,25,-10708.7611
39,25,-9349.0622
40,25,-12657
41,25,-11610
42,25,-14311
43,25,-13230
44,25,-15730
45,25,-14810
19,26,19388
20,26,13628
21,26,15437
22,26,11288.0685
23,26,12869.1957
24,26,8150.4267
25,26,8054.04
26,26,2379.2912
27,26,3742.8664
28,26,-696.3688
29,26,231.1204
30,26,-3695.4973
31,26,-2695.7375
32,26,-6327.7027
33,26,-5139.629
34,26,-8445.2283
35,26,-7178.373
36,26,-10354.092
37,26,-8748.5685
38,26,-11980.5117
39,26,-10250.5576
40,26,-13317.4543
41,26,-12128
42,26,-14977
43,26,-13839
44,26,-16440
45,26,-15310
46,26,-18080
47,26,-17289
20,27,17750
21,27,19738
22,27,14971
23,27,16887.0566
24,27,12847.0389
25,27,13988.1167
26,27,8288.1073
27,27,8244.5478
28,27,3451.4254
29,27,4566.6455
30,27,836.3589
31,27,2307.9785
32,27,-1564.8804
33,27,-237.2633
34,27,-3977.6759
35,27,-2546.3427
36,27,-6215.9238
37,27,-4822.8898
38,27,-7967.3036
39,27,-6340.6944
40,27,-9613.3678
41,27,-7746
42,27,-11186
43,27,-9635
44,27,-12440
45,27,-11050
46,27,-13980
47,27,-12881
48,27,-15861
49,27,-15070
20,28,16448
21,28,18309
22,28,14130
23,28,15692
24,28,11784.123
25,28,13028.5485
26,28,8731.7558
27,28,8694.035
28,28,2132.8689
29,28,3261.697
30,28,-381.5789
31,28,1073.005
32,28,-2822.8058
33,28,-1323.8504
34,28,-5322.0404
35,28,-3661.3385
36,28,-7306.5921
37,28,-5940.5911
38,28,-9597.7522
39,28,-8420.9047
40,28,-11821.2318
41,28,-9593.2084
42,28,-12688.9049
43,28,-11036.3053
44,28,-13926
45,28,-12139
46,28,-15160
47,28,-13680
48,28,-16530
49,28,-15440
50,28,-19560
23,29,20680
24,29,16491
25,29,18038
26,29,13700.5585
27,29,15277.9163
28,29,8774.9466
29,29,8561.0204
30,29,4798.3786
31,29,6127.981
32,29,2237.9663
33,29,3958.8965
34,29,-66.9768
35,29,1674.6156
36,29,-2137.8808
37,29,-251.9958
38,29,-3576.8654
39,29,-2103.2205
40,29,-5757.565
41,29,-3762.5123
42,29,-7304.8989
43,29,-5556.9381
44,29,-8879.2856
45,29,-7306
46,29,-10230
47,29,-8791
48,29,-11513
49,29,-9910
50,29,-14248
51,29,-13440
52,29,-15820
53,29,-15010
24,30,15538
25,30,17366
26,30,13240
27,30,14759
28,30,9368.9796
29,30,9142.776
30,30,4170.7922
31,30,5635.1565
32,30,1619.4548
33,30,3366.4392
34,30,-579.5996
35,30,1351.6527
36,30,-2640.9396
37,30,-560.8226
38,30,-4440.1115
39,30,-2681.6854
40,30,-6588.3675
41,30,-4617.6517
42,30,-8362.4883
43,30,-6605.9659
44,30,-9750.5077
45,30,-8088.6967
46,30,-11321.3964
47,30,-9926.375
48,30,-12693.768
49,30,-11024.2629
50,30,-14969
51,30,-14289
52,30,-16584
53,30,-15900
54,30,-18110
25,31,21550
26,31,17140
27,31,18759
28,31,13456
29,31,14584
30,31,9214.2438
31,31,9181.0666
32,31,5666.3294
33,31,7171.1912
34,31,3254.538
35,31,5175.5
36,31,1001.2201
37,31,2921.1
38,31,-909.9134
39,31,654.5979
40,31,-2810.3405
41,31,-442.7892
42,31,-4105.9329
43,31,-2292.9057
44,31,-5901.7231
45,31,-3993.6241
46,31,-7203.1495
47,31,-6220.8433
48,31,-9116.0536
49,31,-7575.0553
50,31,-11428.2924
51,31,-10616.7652
52,31,-12967
53,31,-12264
54,31,-14644
55,31,-13699
26,32,15960
27,32,17390
28,32,12060
29,32,13345
30,32,9847
31,32,9625.8787
32,32,4517.3237
33,32,6179.2631
34,32,2116.6879
35,32,4205.438
36,32,107.2555
37,32,2227.1455
38,32,-1651.8861
39,32,232.4698
40,32,-3997.6263
41,32,-1598.1889
42,32,-5372.8249
43,32,-3396.3337
44,32,-6916.2501
45,32,-5220.5176
46,32,-8157.9729
47,32,-6978.8242
48,32,-10311.6397
49,32,-8663.7335
50,32,-12484.3497
51,32,-11719.3136
52,32,-14054.2989
53,32,-13379.3679
54,32,-15640
55,32,-14720
56,32,-17129
27,33,21890
28,33,16590
29,33,17720
30,33,13421
31,33,14783
32,33,9541.167
33,33,9581.957
34,33,6086.4858
35,33,8084.2715
36,33,3988.4927
37,33,6228.063
38,33,2013.4
39,33,4356.1019
40,33,344.7759
41,33,2562.3871
42,33,-1177.2301
43,33,921.5145
44,33,-2703.4642
45,33,-954.9114
46,33,-4108.9014
47,33,-2679.2869
48,33,-6241.6189
49,33,-4690.3523
50,33,-8692.8893
51,33,-7705.1329
52,33,-10065.7253
53,33,-9562.2229
54,33,-12028
55,33,-10930
56,33,-13490
57,33,-12520
29,34,16650
30,34,12673
31,34,13917
32,34,10365
33,34,10006.9381
34,34,4705.0786
35,34,6677.4672
36,34,2404.0737
37,34,4746.742
38,34,361.6194
39,34,2725.3604
40,34,-1353.1467
41,34,864.7139
42,34,-2960.5756
43,34,-683.1627
44,34,-4208.9819
45,34,-2281.3849
46,34,-5544.8861
47,34,-3855.705
48,34,-7488.4677
49,34,-5671.2117
50,34,-10094.1624
51,34,-9224.4929
52,34,-11541.0256
53,34,-10808.2192
54,34,-13434
55,34,-12462
56,34,-14810
57,34,-14080
58,34,-16344
30,35,16529
31,35,18091
32,35,14051
33,35,15398
34,35,10175.2364
35,35,10504.2727
36,35,6644.0883
37,35,8806.4384
38,35,4581.6095
39,35,6925.0492
40,35,3062.4694
41,35,4962.881
42,35,1364.6792
43,35,3573.7836
44,35,-150.6016
45,35,1870.4623
46,35,-1588.0317
47,35,95.2184
48,35,-3673.178
49,35,-1835.3638
50,35,-6161.8335
51,35,-5129.086
52,35,-7465.5526
53,35,-6831.764
54,35,-9281.873
55,35,-8200.0834
56,35,-10527.1716
57,35,-9509
58,35,-12030
59,35,-10846
60,35,-13390
31,36,16978
32,36,13165
33,36,14119
34,36,10325
35,36,10175.2155
36,36,5121.1683
37,36,7094.0287
38,36,2956.3173
39,36,4783.388
40,36,1275.3724
41,36,3065.3663
42,36,-726.1153
43,36,1625.7778
44,36,-2004.4299
45,36,280.8517
46,36,-3093.1185
47,36,-976.9222
48,36,-4656.251
49,36,-2904.8622
50,36,-7633.4147
51,36,-6817.8455
52,36,-8975.3282
53,36,-8261.5231
54,36,-10958.9533
55,36,-9866.6724
56,36,-12536.5161
57,36,-11245.7673
58,36,-13698
59,36,-12309
60,36,-14872
61,36,-13423
62,36,-16070
34,37,14037
35,37,15611
36,37,10540.1468
37,37,10415.828
38,37,7104.9299
39,37,8534.6172
40,37,5338.9516
41,37,7242.856
42,37,3639.5114
43,37,5717.9785
44,37,2239.4954
45,37,4403.9824
46,37,920.0039
47,37,2680.3708
48,37,-687
49,37,518.6734
50,37,-3888.2706
51,37,-2917.709
52,37,-5176.6042
53,37,-4406.3133
54,37,-6771.0748
55,37,-6003.121
56,37,-8483.8977
57,37,-7215.0114
58,37,-9731.3868
59,37,-8272.6693
60,37,-11095.646
61,37,-10249
62,37,-12721
63,37,-11796
64,37,-13987
35,38,14061
36,38,11089
37,38,10600
38,38,6231.4432
39,38,7027.0566
40,38,3761.4779
41,38,5323.114
42,38,1864.009
43,38,3928.5695
44,38,177.7503
45,38,2273.0239
46,38,-890.6058
47,38,1064.051
48,38,-1776.0972
49,38,-282.2749
50,38,-5312.6243
51,38,-4496.6278
52,38,-6585.3721
53,38,-5906.901
54,38,-8094.9212
55,38,-7465.9434
56,38,-10282.9297
57,38,-9226.9772
58,38,-11563.897
59,38,-10061.5295
60,38,-12053.2361
61,38,-11397.3767
62,38,-13551.6204
63,38,-12757.4969
64,38,-14906.9991
65,38,-14120
66,38,-16310
36,39,14799
37,39,15998
38,39,11365
39,39,11001
40,39,7676.7291
41,39,9163.305
42,39,5815.2156
43,39,7945.965
44,39,4591.9435
45,39,6755.1411
46,39,3261.1584
47,39,5240
48,39,1861.6894
49,39,3622.6
50,39,-1502.1757
51,39,-545.9674
52,39,-2699.3714
53,39,-1949.1237
54,39,-4141.3118
55,39,-3505.7517
56,39,-6090.6528
57,39,-5411.738
58,39,-7534.7807
59,39,-5866.3591
60,39,-8125.2037
61,39,-7503.7365
62,39,-9729.8721
63,39,-9013.3301
64,39,-11177
65,39,-10320
66,39,-12380
67,39,-11490
68,39,-13720
37,40,14839
38,40,11323
39,40,11033
40,40,6388
41,40,8188.5003
42,40,4450.0341
43,40,6294.0125
44,40,2472.7471
45,40,4666.9352
46,40,1314.0763
47,40,3671.2405
48,40,670.1549
49,40,2833.2285
50,40,-2275.635
51,40,-1544.271
52,40,-3642.5294
53,40,-2894.8723
54,40,-4917.8589
55,40,-4452.0031
56,40,-7108.8741
57,40,-6821.2382
58,40,-8993.0098
59,40,-6972.9398
60,40,-9051.4949
61,40,-8106.2003
62,40,-10408.7856
63,40,-9351.96
64,40,-11638
65,40,-10888
66,40,-12959
67,40,-12050
68,40,-14170
69,40,-13250
38,41,15120
39,41,16339
40,41,11164
41,41,11804
42,41,8298.7493
43,41,10227.8497
44,41,6895.512
45,41,8834.9627
46,41,5472.6536
47,41,7457.3187
48,41,4252.2191
49,41,6111.0165
50,41,1257.5644
51,41,2005.7335
52,41,-90.8123
53,41,900.2684
54,41,-1126.3312
55,41,-163.9704
56,41,-2666.1038
57,41,-2242.8547
58,41,-4718.6736
59,41,-3418.5098
60,41,-5730.5011
61,41,-4716.838
62,41,-7219.674
63,41,-6093.3367
64,41,-8457.2728
65,41,-7453
66,41,-9704
67,41,-8595
68,41,-10960
69,41,-10090
70,41,-12480
71,41,-11650
72,41,-13870
39,42,14900
40,42,11440
41,42,11273
42,42,7024
43,42,8769.9238
44,42,5023.1337
45,42,6989.6757
46,42,3485.0021
47,42,5610.8105
48,42,2489.0165
49,42,4429.1934
50,42,-355.2968
51,42,405.7609
52,42,-2045.0163
53,42,-925.6009
54,42,-3192.059
55,42,-1941.9038
56,42,-4591.3681
57,42,-3634.7623
58,42,-6401.7829
59,42,-4628.4637
60,42,-7262.6008
61,42,-5925.6639
62,42,-8532.7512
63,42,-7415.2411
64,42,-9925.3249
65,42,-8821.1703
66,42,-11204.0998
67,42,-9969.4851
68,42,-12225.9002
69,42,-10980
70,42,-13410
71,42,-12440
72,42,-14720
73,42,-13670
74,42,-15980
40,43,15020
41,43,16470
42,43,11660
43,43,12541
44,43,9194.7656
45,43,11016.2515
46,43,7620.0875
47,43,9447.8181
48,43,6222.1768
49,43,7882.8841
50,43,3200.9629
51,43,4255.7476
52,43,1690.5175
53,43,2973.2411
54,43,320.264
55,43,1683.7664
56,43,-1357.7631
57,43,172.0776
58,43,-2824.6411
59,43,-1012.0557
60,43,-3649.5889
61,43,-2155.2212
62,43,-4955.5157
63,43,-3648.2494
64,43,-6204.9921
65,43,-5173.533
66,43,-7623.5438
67,43,-6498.7491
68,43,-9084.862
69,43,-7779
70,43,-10162
71,43,-8920
72,43,-11247
73,43,-10003
74,43,-12450
75,43,-10920
76,43,-13590
41,44,15220
42,44,11800
43,44,11960
44,44,7331
45,44,9025.4327
46,44,5840.8951
47,44,7746.8246
48,44,4624.4922
49,44,6389.3929
50,44,1574.7296
51,44,2563.5961
52,44,-258.7369
53,44,1103.8722
54,44,-1792.6575
55,44,-297.5156
56,44,-3206.4401
57,44,-1613.52
58,44,-4533.5134
59,44,-2663.2474
60,44,-5596.7945
61,44,-3648.2396
62,44,-6547
63,44,-5112.5985
64,44,-7738.5736
65,44,-6455.6267
66,44,-9038.0654
67,44,-7760.65
68,44,-10371.9409
69,44,-9056.2674
70,44,-11620.919
71,44,-10309
72,44,-12855
73,44,-11350
74,44,-13710
75,44,-11910
76,44,-14720
77,44,-13080
78,44,-15475
43,45,17479
44,45,12719
45,45,13250
46,45,9670
47,45,11302.1155
48,45,8204.9136
49,45,9675.9789
50,45,5117.1423
51,45,6392.6529
52,45,3523
53,45,5049.6529
54,45,2040.8632
55,45,3636.2612
56,45,545.6846
57,45,2323.1187
58,45,-764.5378
59,45,1136.4195
60,45,-1916.7271
61,45,-39.4038
62,45,-3001.1457
63,45,-1369.7517
64,45,-4260.7958
65,45,-2756.0638
66,45,-5518.5456
67,45,-4100.179
68,45,-6899.1276
69,45,-5489.0622
70,45,-8123.9327
71,45,-6666.8252
72,45,-9406.8875
73,45,-7887
74,45,-10743
75,45,-8899
76,45,-11630
77,45,-10099
78,45,-12640
79,45,-11120
80,45,-13460
44,46,11924
45,46,12400
46,46,8220
47,46,10030
48,46,6805.3428
49,46,8374.7035
50,46,3504.3127
51,46,4791.7118
52,46,1854.2331
53,46,3401.6603
54,46,378.4577
55,46,1980.2833
56,46,-1119.647
57,46,574.7252
58,46,-2435.7789
59,46,-566.6347
60,46,-3544.8865
61,46,-1508.9427
62,46,-4493.0596
63,46,-2607.2327
64,46,-5502.2116
65,46,-3682.0153
66,46,-6589.9874
67,46,-4823.5559
68,46,-7780.0712
69,46,-6196.5938
70,46,-9095.2839
71,46,-7527.1313
72,46,-10501.5182
73,46,-8584.4751
74,46,-11660
75,46,-9932.203
76,46,-12737
77,46,-11239
78,46,-13690
79,46,-12130
80,46,-14590
81,46,-13490
82,46,-17050
45,47,17249
46,47,12582
47,47,13700
48,47,10060
49,47,11671.7741
50,47,6901.8255
51,47,8254.5607
52,47,5470.3785
53,47,7074.703
54,47,4097.7606
55,47,5656.2615
56,47,2654.2778
57,47,4278.6529
58,47,1347.0564
59,47,2965.1434
60,47,-34.0458
61,47,1917.4238
62,47,-1112.9469
63,47,873.5982
64,47,-2229.5607
65,47,-262.6897
66,47,-3436.3252
67,47,-1440.4642
68,47,-4556.7647
69,47,-2711.6378
70,47,-5758.0284
71,47,-4165.4444
72,47,-7238.4816
73,47,-5371.9076
74,47,-8220.4934
75,47,-6489.9492
76,47,-9138.8323
77,47,-7830
78,47,-10560
79,47,-8930
80,47,-11429
81,47,-10320
82,47,-13990
83,47,-13168
84,47,-15010
46,48,11962
47,48,12850
48,48,8940
49,48,10170
50,48,5430
51,48,6781.3511
52,48,3943.374
53,48,5497.9186
54,48,2587
55,48,4151.0761
56,48,1148.0787
57,48,2736.9989
58,48,-189.7534
59,48,1416.3741
60,48,-1645.6311
61,48,215.1002
62,48,-2890.6633
63,48,-1036.8
64,48,-3991.1283
65,48,-2016.4615
66,48,-5084.1233
67,48,-3101.893
68,48,-6169.8248
69,48,-4236.479
70,48,-7147.8469
71,48,-5331.1799
72,48,-8305.8535
73,48,-6671.0057
74,48,-9506.2662
75,48,-7845.6026
76,48,-10469.4858
77,48,-8828.1511
78,48,-11535
79,48,-10092
80,48,-12528
81,48,-11252
82,48,-15220
83,48,-14462
84,48,-16065
85,48,-15059
47,49,17482
48,49,13344
49,49,13730
50,49,8555
51,49,10016.4492
52,49,7291.5642
53,49,8964.8059
54,49,6019.2293
55,49,7785.7166
56,49,4693.2673
57,49,6524.0031
58,49,3423.6586
59,49,5132.5944
60,49,2014.8047
61,49,3878
62,49,860.1972
63,49,2584.7306
64,49,-323.837
65,49,1445.1268
66,49,-1451.8768
67,49,462.7305
68,49,-2524.6381
69,49,-526.5277
70,49,-3721.7197
71,49,-1770.3754
72,49,-4760.7564
73,49,-2958.9765
74,49,-6014.8503
75,49,-4168.342
76,49,-7064.2177
77,49,-5553.65
78,49,-8138.6978
79,49,-6951.8716
80,49,-9712.7471
81,49,-8788.9322
82,49,-12812.6089
83,49,-11946.1243
84,49,-13550
85,49,-12510
86,49,-14290
49,50,13400
50,50,7030
51,50,8239.277
52,50,5760
53,50,7540
54,50,4555.6174
55,50,6302.5807
56,50,3254.4521
57,50,5054.4281
58,50,2049.8794
59,50,3859.3453
60,50,627.9769
61,50,2453.4692
62,50,-664.9224
63,50,1038.9941
64,50,-1989.9281
65,50,-497.4892
66,50,-3276.2204
67,50,-1454.7073
68,50,-4424.6664
69,50,-2366.3263
70,50,-5370
71,50,-3362.0331
72,50,-6368.5921
73,50,-4385.6489
74,50,-7363.697
75,50,-5481.3495
76,50,-8205.7585
77,50,-6589.681
78,50,-9171.3131
79,50,-7755.7081
80,50,-10225.687
81,50,-9240.2095
82,50,-14135
83,50,-13184
84,50,-14464
85,50,-13522
86,50,-15200
87,50,-14320
51,51,13835
52,51,10422
53,51,12332
54,51,9322.5103
55,51,10880.3964
56,51,7858.9903
57,51,9624.6079
58,51,6379.194
59,51,8392.248
60,51,5101.834
61,51,7056.076
62,51,3911.1637
63,51,6063.1189
64,51,3030.4336
65,51,4703.9591
66,51,1758.1788
67,51,3656.6393
68,51,589.4452
69,51,2680.6076
70,51,-402.5306
71,51,1605.7483
72,51,-1408.2079
73,51,612.4067
74,51,-2361.4366
75,51,-378
76,51,-3228.716
77,51,-1268.4219
78,51,-4038.7874
79,51,-2153.4702
80,51,-4716.8328
81,51,-3088.728
82,51,-8049.6228
83,51,-7585.2453
84,51,-9058.08
85,51,-8337
86,51,-9911
87,51,-9140
88,51,-10740
89,51,-9900
52,52,9668
53,52,11203.9825
54,52,8253.5423
55,52,9996
56,52,6663.6646
57,52,8535.5871
58,52,5219.924
59,52,7249.2597
60,52,4031.455
61,52,6069.9281
62,52,2606.9398
63,52,4940.6447
64,52,1558.2272
65,52,3544.0634
66,52,305.4459
67,52,2293
68,52,-945.0271
69,52,1056.0462
70,52,-1979.0772
71,52,51.9128
72,52,-2905.073
73,52,-766.7
74,52,-3671.0321
75,52,-1582.203
76,52,-4363.9419
77,52,-2375.5
78,52,-5067.2728
79,52,-3229.6099
80,52,-5552.9155
81,52,-4013.6198
82,52,-8514.7483
83,52,-8038.4581
84,52,-9918.3897
85,52,-9243.3698
86,52,-11046
87,52,-10155
88,52,-11977
89,52,-11129
90,52,-12939
53,53,14920
54,53,11227
55,53,13011
56,53,10042.8941
57,53,11761.9766
58,53,8633.6922
59,53,10504.1795
60,53,7227.521
61,53,9250.7417
62,53,5724.9628
63,53,7843.1388
64,53,4656.9321
65,53,6719.7015
66,53,3404.808
67,53,5615
68,53,2297.4615
69,53,4234
70,53,1228.3898
71,53,3159.587
72,53,185.77
73,53,2153.6712
74,53,-702.7199
75,53,1255.7634
76,53,-1502.2919
77,53,416.7716
78,53,-2231.7057
79,53,-515.3046
80,53,-2920.169
81,53,-1509.6875
82,53,-6050.3894
83,53,-5119.9455
84,53,-7052.5063
85,53,-6283.9149
86,53,-8265.8835
87,53,-7238.7734
88,53,-9257
89,53,-8253
90,53,-10259
91,53,-9110
92,53,-11120
54,54,10139
55,54,11502.9589
56,54,8545.2075
57,54,10434
58,54,7036.991
59,54,8915.8902
60,54,5553.036
61,54,7681.0475
62,54,4373.7764
63,54,6253.2213
64,54,2891.9893
65,54,4983.2433
66,54,1574.726
67,54,3764.6525
68,54,724.2937
69,54,2694.3302
70,54,-302.8501
71,54,1636.6632
72,54,-1235.8904
73,54,662.3336
74,54,-2122.5041
75,54,-188.8936
76,54,-2944.2864
77,54,-970.8477
78,54,-3575.4729
79,54,-1786.2812
80,54,-4082.3946
81,54,-2634.1851
82,54,-6883.9455
83,54,-6027.1455
84,54,-7992.3346
85,54,-7173.6224
86,54,-9380.2388
87,54,-8270.643
88,54,-10426.6792
89,54,-9413
90,54,-11542
91,54,-10363
92,54,-12415
93,54,-11199
56,55,11620
57,55,13612
58,55,10439.0876
59,55,12399.9706
60,55,8957
61,55,11004
62,55,7692.2462
63,55,9669.6905
64,55,6489.4269
65,55,8283.7857
66,55,5378.6549
67,55,7210.2195
68,55,4204.6012
69,55,5926.3445
70,55,3109.6184
71,55,4795.7039
72,55,2080.8562
73,55,3928.7617
74,55,1197.0197
75,55,2980.7199
76,55,358.0009
77,55,2126.2813
78,55,-427.36
79,55,1234.6691
80,55,-1168.5917
81,55,90.3151
82,55,-4162.3582
83,55,-2914.7839
84,55,-5056.5023
85,55,-4063.2768
86,55,-6280.0423
87,55,-5284.9078
88,55,-7472.6365
89,55,-6399.0606
90,55,-8561.0867
91,55,-7355.4298
92,55,-9520
93,55,-8261
94,55,-10300
95,55,-9180
57,56,12055
58,56,8780.4915
59,56,10779
60,56,7663
61,56,9035.1943
62,56,6210
63,56,7714.9651
64,56,5000
65,56,6357.4948
66,56,3535.817
67,56,5388.6934
68,56,2651.2748
69,56,4420.7663
70,56,1680.7697
71,56,3422.0719
72,56,562.6171
73,56,2438.1843
74,56,-357.0219
75,56,1376.6158
76,56,-1282.2099
77,56,517.431
78,56,-2058.8368
79,56,-268.6983
80,56,-2548.2241
81,56,-1175.6285
82,56,-5374.7776
83,56,-4212.8293
84,56,-6218.1669
85,56,-5255.141
86,56,-7327.7007
87,56,-6261.6865
88,56,-8495.7679
89,56,-7461.7591
90,56,-9555.8882
91,56,-8343.9631
92,56,-10633.9614
93,56,-9531
94,56,-11720
95,56,-10660
96,56,-12480
59,57,14330
60,57,11187
61,57,12580
62,57,9570
63,57,11319
64,57,8555
65,57,10066
66,57,7004
67,57,8831.1685
68,57,5909.4836
69,57,7696.4376
70,57,4921.8386
71,57,6743.7167
72,57,3737.3247
73,57,5629.4021
74,57,2909.6936
75,57,4711.3256
76,57,2059.1203
77,57,3731.3434
78,57,1207.1973
79,57,2849.5915
80,57,580.5356
81,57,1748.3977
82,57,-2308.4632
83,57,-1044.1542
84,57,-3197.3515
85,57,-2181.6932
86,57,-4234.2623
87,57,-3082.53
88,57,-5319.1425
89,57,-4354.9052
90,57,-6414.3615
91,57,-5163.8307
92,57,-7389.301
93,57,-6421.3477
94,57,-8370
95,57,-7680
96,57,-9590
97,57,-8610
61,58,11199
62,58,7840
63,58,9500
64,58,6669
65,58,8365
66,58,5343
67,58,7102
68,58,4152.9106
69,58,5916.7727
70,58,3091.5136
71,58,5036.037
72,58,2204.4611
73,58,4060.8167
74,58,1254.8898
75,58,3076.1685
76,58,385.7605
77,58,2027.1499
78,58,-471.0621
79,58,1222.1
80,58,-1052.4585
81,58,264.6396
82,58,-3762.1676
83,58,-2501.2141
84,58,-4508.9455
85,58,-3434.9108
86,58,-5582.2823
87,58,-4231.7331
88,58,-6404.6947
89,58,-5335.5046
90,58,-7689.6824
91,58,-6450
92,58,-8535.7155
93,58,-7914.7191
94,58,-9690
95,58,-8850
96,58,-10690
97,58,-9850
98,58,-11769
99,58,-10860
62,59,11139
63,59,13094
64,59,10056
65,59,11765
66,59,8587
67,59,10497
68,59,7436
69,59,9203.1617
70,59,6513.9383
71,59,8247.4488
72,59,5407.7842
73,59,7241.224
74,59,4480.6319
75,59,6304.8987
76,59,3680.4357
77,59,5168.129
78,59,2716.9515
79,59,4437
80,59,2129.089
81,59,3388
82,59,-583.4758
83,59,746.5288
84,59,-1461.8214
85,59,-318.6462
86,59,-2558.9318
87,59,-1047.6178
88,59,-3430.1913
89,59,-2137.0282
90,59,-4369.4525
91,59,-3453.6462
92,59,-5554.6233
93,59,-4778
94,59,-6659
95,59,-5640
96,59,-7635
97,59,-6630
98,59,-8504
99,59,-7610
100,59,-9430
64,60,8321
65,60,10001
66,60,6943
67,60,8633
68,60,5800
69,60,7399
70,60,4579.225
71,60,6532.6235
72,60,3801.6487
73,60,5605.2112
74,60,2881.5569
75,60,4722.2522
76,60,2141.1234
77,60,3617.8447
78,60,1111.6847
79,60,2811.7226
80,60,428.9806
81,60,1823.0137
82,60,-2163.6885
83,60,-934.1107
84,60,-2997.44
85,60,-1806.014
86,60,-4252.43
87,60,-2702.7013
88,60,-4872.6133
89,60,-3336.1617
90,60,-5379.4422
91,60,-4163.5021
92,60,-6391.5934
93,60,-5761.8901
94,60,-7720
95,60,-6868.4609
96,60,-8752.8229
97,60,-8059.3109
98,60,-9685
99,60,-8954
100,60,-10525
101,60,-9741
65,61,13631
66,61,10600
67,61,12311
68,61,9195
69,61,11127
70,61,7998
71,61,9798
72,61,6924.7272
73,61,8882.5343
74,61,6151.2907
75,61,8029.3747
76,61,5511.1108
77,61,7102.8119
78,61,4515.9014
79,61,6045.2
80,61,3668.5879
81,61,4808.5196
82,61,1041.6463
83,61,2331.9117
84,61,164.4982
85,61,1471.556
86,61,-895.1896
87,61,542.1891
88,61,-1688.8697
89,61,82.6155
90,61,-2443.0767
91,61,-1104.805
92,61,-3317.6236
93,61,-2687
94,61,-4656.2095
95,61,-3964.7175
96,61,-5802.9994
97,61,-5271.0196
98,61,-6830.3441
99,61,-6170.1238
100,61,-7856
101,61,-7030
102,61,-8880
66,62,9070
67,62,10850
68,62,7770
69,62,9490
70,62,6488
71,62,8177
72,62,5388
73,62,7205.1069
74,62,4359.0237
75,62,6081.2029
76,62,3416.5976
77,62,5120.7993
78,62,2756.101
79,62,4588.9724
80,62,2159.6062
81,62,3443.5291
82,62,-549.5096
83,62,616.099
84,62,-1542
85,62,-224.0638
86,62,-2470.1898
87,62,-1071.4936
88,62,-3454
89,62,-1190.2198
90,62,-3508.5089
91,62,-1912.0559
92,62,-4188.9614
93,62,-3251.1999
94,62,-5193.8878
95,62,-4380.5376
96,62,-6145.7062
97,62,-5653.4982
98,62,-7338.5338
99,62,-6585.4546
100,62,-8339
101,62,-7640
102,62,-9565
103,62,-8840
67,63,14187
68,63,10816
69,63,12939
70,63,9995
71,63,11576
72,63,8709
73,63,10567
74,63,7845.7518
75,63,9748.0968
76,63,6982.1777
77,63,8470
78,63,6008.3127
79,63,7673
80,63,5275.824
81,63,6346.4515
82,63,2659.8832
83,63,3878.7573
84,63,1721.4367
85,63,3038.5844
86,63,694.5812
87,63,2258.9662
88,63,-76.6182
89,63,1874.4774
90,63,-807.4073
91,63,717.1969
92,63,-1627.1314
93,63,-722.109
94,63,-2781.4807
95,63,-2018.6123
96,63,-3835.5363
97,63,-3260.2763
98,63,-5119.5577
99,63,-4343.8905
100,63,-5974.2073
101,63,-5306.8315
102,63,-7219
103,63,-6299
104,63,-8440
105,63,-7610
69,64,11176
70,64,8271
71,64,9898
72,64,7154
73,64,8932
74,64,6090
75,64,7767
76,64,5203.6675
77,64,6701.4161
78,64,4349.4074
79,64,6010
80,64,3859.6633
81,64,5064.8984
82,64,1031.7798
83,64,2187.6833
84,64,28.063
85,64,1314.1437
86,64,-971.6815
87,64,464.1779
88,64,-1818.8037
89,64,484.5225
90,64,-1967.9913
91,64,-251.9612
92,64,-2452.4891
93,64,-1364.7614
94,64,-3419.5081
95,64,-2518.4717
96,64,-4448.6112
97,64,-3714.5406
98,64,-5557.7761
99,64,-4814.772
100,64,-6461.5416
101,64,-5796.6788
102,64,-7622
103,64,-7006
104,64,-8899
105,64,-8230
106,64,-9989
70,65,11197
71,65,13190
72,65,10246
73,65,12059
74,65,9501
75,65,11300
76,65,8683.388
77,65,10400
78,65,7812.1185
79,65,9391.3235
80,65,6526.9329
81,65,8322.1791
82,65,4614.2543
83,65,5732.4723
84,65,3638.5336
85,65,4658.2621
86,65,2565.3796
87,65,3990
88,65,1569.334
89,65,3549.6514
90,65,819.8588
91,65,2444.323
92,65,60.0473
93,65,1219.0862
94,65,-970.7242
95,65,105.5863
96,65,-1955.6357
97,65,-1598.8278
98,65,-3207.1628
99,65,-2411.2959
100,65,-4063.0674
101,65,-3437.8515
102,65,-5107.3505
103,65,-4631
104,65,-6590
105,65,-5860
106,65,-7560
107,65,-6720
72,66,8669
73,66,10430
74,66,7652
75,66,9158
76,66,6440
77,66,8250.2433
78,66,5798.0965
79,66,8157.0853
80,66,5208.7165
81,66,6546.6266
82,66,2677.5501
83,66,3794.6493
84,66,1796.1707
85,66,2871.1525
86,66,599.3405
87,66,2170.4134
88,66,-237.308
89,66,2094.5
90,66,-438.3762
91,66,1339.1791
92,66,-936.2686
93,66,365.3613
94,66,-1835.9516
95,66,-593.7166
96,66,-2301.6217
97,66,-1785.1041
98,66,-3862.6653
99,66,-3023.4392
100,66,-4775.693
101,66,-4028.3686
102,66,-5777.2167
103,66,-5116
104,66,-7000
105,66,-6240
106,66,-8070
107,66,-7230
108,66,-9160
73,67,13513
74,67,11018
75,67,12869
76,67,10121
77,67,11960.5706
78,67,9122.4943
79,67,11316.7007
80,67,8438.946
81,67,9868.2304
82,67,6048.1366
83,67,7363.7264
84,67,5129.6421
85,67,6513.3275
86,67,4131.1229
87,67,5754.6363
88,67,3116.1405
89,67,4990.9836
90,67,2591.8068
91,67,4219.7555
92,67,1837.6
93,67,3290
94,67,859.2003
95,67,2140.6068
96,67,2.8309
97,67,987.1315
98,67,-1285.7287
99,67,-485.8684
100,67,-2368.0076
101,67,-1500.8333
102,67,-3200
103,67,-2528
104,67,-4508
105,67,-3724
106,67,-5610
107,67,-4739
108,67,-6570
109,67,-5780
74,68,9321
75,68,10887
76,68,8002
77,68,9880
78,68,6916.2074
79,68,9149.2869
80,68,6512.1694
81,68,7904.2328
82,68,4114.5689
83,68,5356.4558
84,68,3104.4174
85,68,4545.3918
86,68,2034.4045
87,68,3830.6268
88,68,1326.7201
89,68,3419.2146
90,68,883.5812
91,68,2768.5
92,68,318.2488
93,68,1994.9954
94,68,-293.6478
95,68,1210.6141
96,68,-962.0559
97,68,376.6648
98,68,-1853.8057
99,68,-1009.7971
100,68,-2930
101,68,-2125.1534
102,68,-3870
103,68,-3200
104,68,-4999
105,68,-4304
106,68,-6080
107,68,-5352
108,68,-7241
109,68,-6578
110,68,-8130
75,69,14448
76,69,11657
77,69,13267
78,69,10633.4071
79,69,12713.963
80,69,9801
81,69,11340
82,69,7494.6768
83,69,8779.9397
84,69,6494.0723
85,69,8177.8316
86,69,5583.2509
87,69,7377.2657
88,69,4704.369
89,69,6600.6151
90,69,3990.7162
91,69,5763.1395
92,69,3302.5839
93,69,4856.7282
94,69,2439
95,69,4033.6302
96,69,1591.3282
97,69,3037.6667
98,69,746.1392
99,69,1676.8526
100,69,-353.491
101,69,312.1997
102,69,-1492.449
103,69,-890.9756
104,69,-2602
105,69,-1915
106,69,-3659
107,69,-2741
108,69,-4711
109,69,-3980
110,69,-5821
111,69,-4990
78,70,8535
79,70,10611
80,70,7661
81,70,9229.2615
82,70,5449.8923
83,70,6813
84,70,4495.0495
85,70,6123.3072
86,70,3568.8794
87,70,5289.3667
88,70,2693.5796
89,70,4736.8869
90,70,2137.8101
91,70,4064.4665
92,70,1656.319
93,70,3434.5345
94,70,896.7722
95,70,2634.6364
96,70,292.7714
97,70,1953.2162
98,70,-267.488
99,70,899.127
100,70,-968.6148
101,70,-96.5468
102,70,-1881.9024
103,70,-1295.1669
104,70,-3080
105,70,-2385
106,70,-4120
107,70,-3417
108,70,-5437
109,70,-4739
110,70,-6550
111,70,-5649
112,70,-7410
79,71,14059
80,71,11242
81,71,12848
82,71,8784
83,71,10265
84,71,7957.5578
85,71,9565.988
86,71,6980.0942
87,71,8797.4201
88,71,6124.9081
89,71,7893.2846
90,71,5271.8989
91,71,6989.4042
92,71,4502.4636
93,71,6369.7952
94,71,3853.1403
95,71,5572.7197
96,71,3063.619
97,71,4507.0351
98,71,2293
99,71,3457.695
100,71,1478.3526
101,71,2519.3805
102,71,670.2201
103,71,1374.2287
104,71,-470.1219
105,71,108.9895
106,71,-1397.4983
107,71,-660.7415
108,71,-2419
109,71,-1956
110,71,-3709
111,71,-2870
112,71,-4716
113,71,-3700
114,71,-5480
81,72,11075
82,72,6937
83,72,8235
84,72,5880.0352
85,72,7585
86,72,5109.801
87,72,6856.003
88,72,4331.1951
89,72,6246.5319
90,72,3663.3333
91,72,5522.0944
92,72,2824.0194
93,72,4806.735
94,72,2161.9978
95,72,4058.5198
96,72,1712.274
97,72,3365.6321
98,72,1052.3734
99,72,2397.1144
100,72,333.8443
101,72,1469.2244
102,72,-274.2911
103,72,683.9154
104,72,-1194.0947
105,72,-496.8425
106,72,-2097.4851
107,72,-1404.0231
108,72,-3103
109,72,-2605.5435
110,72,-4280
111,72,-3567.4325
112,72,-5199
113,72,-4359
114,72,-6104
115,72,-5230
116,72,-7009
82,73,10322
83,73,11819
84,73,9259
85,73,10984
86,73,8413.4492
87,73,10115.0475
88,73,7537.2421
89,73,9387.0211
90,73,6734.6864
91,73,8535.5511
92,73,5787.641
93,73,7761.2089
94,73,5116.6971
95,73,6966.6444
96,73,4426.46
97,73,6116.1903
98,73,3711.0725
99,73,5072.249
100,73,3015.2464
101,73,4103.8117
102,73,2073.1103
103,73,3211.0484
104,73,1166
105,73,1837
106,73,105.5801
107,73,845.8453
108,73,-1036.1061
109,73,-381.0486
110,73,-2010
111,73,-1340
112,73,-3074.5667
113,73,-2183.3883
114,73,-3896
115,73,-3080
116,73,-4809
117,73,-3920
83,74,9906
84,74,7426
85,74,9005
86,74,6494.6267
87,74,8272
88,74,5782.188
89,74,7626.1952
90,74,5047.25
91,74,6986.5555
92,74,4210.3092
93,74,6257.8523
94,74,3500.9828
95,74,5372.5686
96,74,2846.8656
97,74,4634.1832
98,74,2232.7914
99,74,3669.1553
100,74,1513.6779
101,74,2775.8524
102,74,723.7709
103,74,2013.0144
104,74,191
105,74,1062.2093
106,74,-702.6122
107,74,205.1193
108,74,-1815.4592
109,74,-1072.1161
110,74,-2866
111,74,-1993.5
112,74,-3901
113,74,-3008.4937
114,74,-4758
115,74,-3850
116,74,-5649
117,74,-4657
118,74,-6520
119,74,-5380
120,74,-7280
84,75,10629
85,75,12451
86,75,9664
87,75,11546
88,75,8906.1859
89,75,10763.1138
90,75,8201.9627
91,75,10050.1358
92,75,7259
93,75,9098.0411
94,75,6508.6195
95,75,8386.8083
96,75,5835.8106
97,75,7530.3525
98,75,5173.5182
99,75,6553.9925
100,75,4344.4885
101,75,5578.7182
102,75,3432.5558
103,75,4753.6082
104,75,2710.9347
105,75,3798.8793
106,75,1716.5331
107,75,2800
108,75,556
109,75,1485.6333
110,75,-431.1764
111,75,581.2819
112,75,-1312.5048
113,75,-349
114,75,-2170
115,75,-1214.1824
116,75,-3174.2318
117,75,-1969
118,75,-4042
119,75,-2850
120,75,-4820
121,75,-3620
122,75,-5480
85,76,10647
86,76,7953
87,76,9666
88,76,7047.718
89,76,8913
90,76,6405.809
91,76,8335
92,76,5799.8944
93,76,7686.2626
94,76,4978.3046
95,76,6953.0469
96,76,4323.1979
97,76,6115.6196
98,76,3677.7177
99,76,5182.9513
100,76,2931.7058
101,76,4312.7271
102,76,2109.2143
103,76,3564.1747
104,76,1481.1659
105,76,2967.4438
106,76,837.0348
107,76,2145.9028
108,76,-32.746
109,76,1013.1393
110,76,-1072.7114
111,76,-2.4667
112,76,-2120.4209
113,76,-1007.7049
114,76,-3124.8105
115,76,-2044.8311
116,76,-4293.475
117,76,-3162.7597
118,76,-5175
119,76,-3951
120,76,-5918
121,76,-4729
122,76,-6610
123,76,-5541
86,77,11026
87,77,12941
88,77,10151
89,77,12126
90,77,9426.4121
91,77,11328.7644
92,77,8629.5684
93,77,10743
94,77,7885.2079
95,77,9864.2673
96,77,7169.7944
97,77,9209.4466
98,77,6710.8496
99,77,8249.2618
100,77,5909.0234
101,77,7289.9295
102,77,4938.4182
103,77,6378.6679
104,77,4086.9327
105,77,5557.4266
106,77,3461.6215
107,77,4641.7101
108,77,2470.3505
109,77,3827.6813
110,77,1669.6385
111,77,2792.3457
112,77,537.1494
113,77,1954.2108
114,77,-313.5873
115,77,1046.6722
116,77,-1141.9038
117,77,-96.6
118,77,-2180.722
119,77,-1158.3989
120,77,-3185
121,77,-2110
122,77,-4128
123,77,-3020
124,77,-5000
125,77,-4110
126,77,-7100
87,78,11277
88,78,8523
89,78,10319
90,78,7656.1526
91,78,9629
92,78,6883
93,78,8945.4613
94,78,6272.7035
95,78,8331.6974
96,78,5468.3293
97,78,7685.8265
98,78,4948.0041
99,78,6676.988
100,78,4256.8282
101,78,5813.592
102,78,3547.6546
103,78,5081.5379
104,78,2883.262
105,78,4428.9417
106,78,2278.3688
107,78,3647.4137
108,78,1307.903
109,78,2864.0151
110,78,523.986
111,78,1980.247
112,78,-552.8893
113,78,1010.4903
114,78,-1452.8946
115,78,56.6276
116,78,-2228.3252
117,78,-1101.5601
118,78,-3209.0164
119,78,-2155.6519
120,78,-4194
121,78,-2990.1656
122,78,-5030
123,78,-3901
124,78,-6052
125,78,-5140
126,78,-8050
127,78,-7220
89,79,13540
90,79,10676
91,79,12596
92,79,9904.2655
93,79,11788.6592
94,79,9104.7415
95,79,11259
96,79,8304.998
97,79,10412.9516
98,79,7824.7003
99,79,9694.4567
100,79,7279.5556
101,79,8804.229
102,79,6510.3575
103,79,7864.4447
104,79,5581.7092
105,79,7013.7724
106,79,4829.9942
107,79,6149.5913
108,79,3656.5811
109,79,5449.6549
110,79,2887.4471
111,79,4472.9637
112,79,1900.4257
113,79,3516.3415
114,79,1074.8477
115,79,2548.1518
116,79,226.8175
117,79,1505.8204
118,79,-719.9769
119,79,323.2251
120,79,-1705.0525
121,79,-640.9158
122,79,-2660
123,79,-1660.854
124,79,-3633
125,79,-2770
126,79,-5750
127,79,-4950
128,79,-6501
129,79,-5410
90,80,9119
91,80,10901
92,80,8256.6495
93,80,10171
94,80,7417
95,80,9434.2436
96,80,6736.3283
97,80,8769.9135
98,80,5987.6832
99,80,8055.648
100,80,5375.133
101,80,7210.0126
102,80,4727.0905
103,80,6386.8322
104,80,3973.9269
105,80,5674.4989
106,80,3175.7972
107,80,4910.2713
108,80,2172.9634
109,80,3955.58
110,80,1462.915
111,80,3206.0616
112,80,760.7028
113,80,2342.6641
114,80,27.9978
115,80,1553.719
116,80,-687.2263
117,80,599.5206
118,80,-1373.5226
119,80,-452.3142
120,80,-2263.1737
121,80,-1261.8237
122,80,-2992.3278
123,80,-2125.7592
124,80,-4300
125,80,-3717
126,80,-6755
127,80,-5847
128,80,-7355
129,80,-6380
130,80,-7980
95,81,12369.3668
96,81,9435.7198
97,81,11702
98,81,8663.2918
99,81,10860.075
100,81,7862.378
101,81,10249.6721
102,81,7217.3941
103,81,9461.4321
104,81,6425.9062
105,81,8656.119
106,81,5673.917
107,81,7861.9485
108,81,5010.2727
109,81,7004.3892
110,81,4308.8981
111,81,6139.2324
112,81,3584.9466
113,81,5246.4542
114,81,2858.0499
115,81,4329.3455
116,81,2186.0092
117,81,3425.5625
118,81,1486.6695
119,81,2456.0403
120,81,481.7508
121,81,1364.8906
122,81,-492.1062
123,81,344.0781
124,81,-1533.0836
125,81,-1307.5659
126,81,-4546.9906
127,81,-3484.7131
128,81,-5035
129,81,-3947
130,81,-5688
131,81,-4571
132,81,-6416
133,81,-5306
134,81,-7079
135,81,-6050
96,82,8187
97,82,10321.2401
98,82,7449.3696
99,82,9688.1182
100,82,6502.6567
101,82,9007.2534
102,82,5831.7688
103,82,8216.5333
104,82,5202.0427
105,82,7457.637
106,82,4525.3784
107,82,6772.0862
108,82,3949.6288
109,82,5991.7073
110,82,3320.4029
111,82,5247.9637
112,82,2729.6315
113,82,4417.2524
114,82,2148.3639
115,82,3608.8367
116,82,1461.3103
117,82,2827.6624
118,82,796.3695
119,82,1909.7458
120,82,39.811
121,82,974.8265
122,82,-763.7453
123,82,50.6402
124,82,-1532.2128
125,82,-1417.5323
126,82,-4998.3984
127,82,-3969.7809
128,82,-5481.4334
129,82,-4415.0129
130,82,-5998
131,82,-4987.4088
132,82,-6648
133,82,-5688
134,82,-7361
135,82,-6399
136,82,-8081
101,83,12306
102,83,9305
103,83,11535.3999
104,83,8603.6798
105,83,10616.2241
106,83,7779.3555
107,83,9820.7014
108,83,7051.8922
109,83,9017.3089
110,83,6344.6913
111,83,8184.8462
112,83,5712.4729
113,83,7339.202
114,83,5058.1894
115,83,6693.5916
116,83,4434.1181
117,83,5880.2841
118,83,3842.0269
119,83,5189.7539
120,83,3261.5896
121,83,4463.8883
122,83,2704.5927
123,83,3757.3057
124,83,2397.414
125,83,2878.368
126,83,-644.0152
127,83,-63.4758
128,83,-1366.1041
129,83,-569.0133
130,83,-2028.073
131,83,-1017.7611
132,83,-2712.9729
133,83,-1636
134,83,-3530
135,83,-2414
136,83,-4300
137,83,-3171
102,84,7247.0279
103,84,9207.0832
104,84,6650.4226
105,84,8642.6682
106,84,6033.1975
107,84,8170.6205
108,84,5468.0534
109,84,7559.2614
110,84,5018.4029
111,84,6908.9121
112,84,4540.3012
113,84,6294.1172
114,84,3900.5727
115,84,5558.7875
116,84,3428.8901
117,84,4907.8397
118,84,2809.285
119,84,4214.0744
120,84,2304.8814
121,84,3544.171
122,84,1839.5323
123,84,2908.8541
124,84,1400.9438
125,84,1892.5741
126,84,-1161.1549
127,84,-573.3763
128,84,-2251.4656
129,84,-1421.8481
130,84,-3269.1925
131,84,-2171.0426
132,84,-4091.652
133,84,-2846.5103
134,84,-4859.3866
135,84,-3638
136,84,-5696
137,84,-4426
138,84,-6464
139,84,-5161
140,84,-7159
106,85,8932.644
107,85,10992.2252
108,85,8257.9789
109,85,10288.1273
110,85,7646.3554
111,85,9555.5564
112,85,7037.8235
113,85,8764.5316
114,85,6415.4515
115,85,7953.7897
116,85,5731.7247
117,85,7346.4628
118,85,5148.2116
119,85,6465.7939
120,85,4536.8793
121,85,5749.2803
122,85,3918.2186
123,85,4999.3061
124,85,3482.2417
125,85,3980.9605
126,85,785.3012
127,85,1741.2596
128,85,73.9972
129,85,1090.8208
130,85,-714.8128
131,85,474.3423
132,85,-1488.8543
133,85,-256.4334
134,85,-2285.3395
135,85,-887.7139
136,85,-2991.0276
137,85,-1533.2393
138,85,-3651
139,85,-2199
140,85,-4280
141,85,-2889
142,85,-4850
107,86,9110.2435
108,86,6441.1134
109,86,8520.5842
110,86,5888.3439
111,86,7865.6231
112,86,5478.4271
113,86,7263.5308
114,86,4987.4394
115,86,6682.0288
116,86,4320.5458
117,86,5978.5623
118,86,3905.136
119,86,5274.7547
120,86,3306.4697
121,86,4592.74
122,86,2814.5118
123,86,3942.7237
124,86,2367.3352
125,86,2891.8615
126,86,-31.0705
127,86,883.5727
128,86,-940.5125
129,86,87.5935
130,86,-2003.3657
131,86,-736.032
132,86,-2882.8048
133,86,-1566.6838
134,86,-3763.755
135,86,-2311.375
136,86,-4581.0714
137,86,-3038.2698
138,86,-5265.9197
139,86,-3765
140,86,-5913
141,86,-4544
142,86,-6637
143,86,-5527
110,87,8743.5996
111,87,10808.0177
112,87,8331.2349
113,87,10134.0327
114,87,7695.9856
115,87,9376.0984
116,87,7060.4572
117,87,8577.4239
118,87,6399.9479
119,87,7886.0592
120,87,5785.7211
121,87,6990.4614
122,87,5158.9051
123,87,6261.2558
124,87,4615.0152
125,87,5143.221
126,87,2141.7493
127,87,3361.3369
128,87,1487.1274
129,87,2717.7096
130,87,656.0967
131,87,1842.0267
132,87,-212.3984
133,87,870.3384
134,87,-1194.1032
135,87,6.1461
136,87,-2007.4091
137,87,-696.484
138,87,-2713.5412
139,87,-1226.6542
140,87,-3203.3894
141,87,-1859.2451
142,87,-3694.1465
143,87,-2683
144,87,-4469
113,88,8348.2439
114,88,5973.362
115,88,7724.9182
116,88,5453.7889
117,88,7113.6693
118,88,4812.4721
119,88,6363.0084
120,88,4392.8615
121,88,5640.3845
122,88,3786.3467
123,88,4972.1844
124,88,3317.2355
125,88,3899.7568
126,88,1051.0675
127,88,2213.8573
128,88,320.4441
129,88,1574.8729
130,88,-413.8838
131,88,776.9137
132,88,-1210.2406
133,88,-313.3741
134,88,-2057.898
135,88,-1149.0844
136,88,-2922.7819
137,88,-1827.5584
138,88,-3852.9638
139,88,-2504.9813
140,88,-4444.027
141,88,-3106.2907
142,88,-4970.4627
143,88,-3864.0868
144,88,-5575.8791
145,88,-4585.9906
116,89,8302.8357
117,89,9919.1406
118,89,7632.2404
119,89,9032.9208
120,89,6986.6464
121,89,8321.2403
122,89,6311.6152
123,89,7498.3626
124,89,5795.4721
125,89,6340.5313
126,89,3498.5554
127,89,4858.2701
128,89,2812.7853
129,89,4205.2887
130,89,2175.7005
131,89,3471.664
132,89,1567.1715
133,89,2301.5922
134,89,591.8099
135,89,1408.3152
136,89,-355.7386
137,89,641.6252
138,89,-1327.9489
139,89,-45.5402
140,89,-1872.0266
141,89,-677.9196
142,89,-2453.6351
143,89,-1342.5322
144,89,-3026.0244
145,89,-2089.4348
146,89,-3773
118,90,5927.1868
119,90,7550
120,90,5295.442
121,90,6732.9111
122,90,4811.2864
123,90,5979.0781
124,90,4261.6599
125,90,4890.8833
126,90,2148.8006
127,90,3503.459
128,90,1515.9019
129,90,2893.2268
130,90,945.7825
131,90,2408.8773
132,90,581.2415
133,90,1560.3471
134,90,-238.5672
135,90,672.8878
136,90,-1111.5517
137,90,-44.7559
138,90,-2123.7545
139,90,-1104.4191
140,90,-2975.8745
141,90,-1947.0425
142,90,-3707.7131
143,90,-2576.395
144,90,-4228.2364
145,90,-3339.4064
146,90,-4965.7951
147,90,-4065
120,91,8175.8296
121,91,9485.6366
122,91,7534.0866
123,91,8764.963
124,91,6883.1037
125,91,7525.2616
126,91,4848.968
127,91,6282.8212
128,91,4120.4434
129,91,5588.8595
130,91,3435.0112
131,91,4861.322
132,91,2952.2124
133,91,3866.7705
134,91,2046.4473
135,91,2835.9504
136,91,1025.6117
137,91,2152.6993
138,91,311.331
139,91,1311.0313
140,91,-391.4727
141,91,499.8388
142,91,-1242.232
143,91,-274.0882
144,91,-1728.8531
145,91,-921.2477
146,91,-2427.4736
147,91,-1631
148,91,-3162
123,92,7084.7747
124,92,5242.6308
125,92,5916
126,92,3245.0869
127,92,4712.7298
128,92,2735
129,92,4145.059
130,92,2208.4729
131,92,3707.6637
132,92,1880.3393
133,92,3015.361
134,92,1295.1978
135,92,2214.6629
136,92,296.402
137,92,1313.7716
138,92,-558.5262
139,92,381.6138
140,92,-1337.1034
141,92,-570.2993
142,92,-2193.9105
143,92,-1370.1184
144,92,-2889.373
145,92,-2137.4905
146,92,-3586.3111
147,92,-2765
148,92,-4295
149,92,-3543
126,93,6140.9976
127,93,7462
128,93,5390
129,93,7001.8072
130,93,4613.3046
131,93,6289.5572
132,93,4246.0969
133,93,5488.0792
134,93,3533.9848
135,93,4605
136,93,2590.7577
137,93,3621.5986
138,93,1817.7347
139,93,2750
140,93,1029.4197
141,93,1809.8462
142,93,124.2619
143,93,933.5116
144,93,-518.5338
145,93,146.8652
146,93,-1261.6634
147,93,-399.2685
148,93,-1882
149,93,-1203
150,93,-2674
127,94,6019
128,94,3785
129,94,5462
130,94,3248
131,94,4682
132,94,2813
133,94,4191
134,94,2283
135,94,3593.5462
136,94,1695.5543
137,94,2684.8905
138,94,1001
139,94,2103.3047
140,94,395.1807
141,94,1139.3021
142,94,-476.5854
143,94,220.063
144,94,-1291.4491
145,94,-722.7849
146,94,-2190.9095
147,94,-1360
148,94,-2700
149,94,-2051
150,94,-3434
151,94,-2672
128,95,6579
129,95,7980
130,95,6090
131,95,7340
132,95,5410
133,95,6742
134,95,4785.4899
135,95,5940
136,95,4101
137,95,5059
138,95,3233
139,95,4112
140,95,2442.2558
141,95,3139
142,95,1478
143,95,2258.2731
144,95,802.1402
145,95,1384.7902
146,95,-20.7799
147,95,751.1373
148,95,-579.5559
149,95,73.1143
150,95,-1277.7559
151,95,-401
152,95,-2057
135,96,4860
136,96,2913
137,96,4008
138,96,2261
139,96,3389
140,96,1812
141,96,2677
142,96,1023.7818
143,96,1756.6021
144,96,214.1127
145,96,767.4346
146,96,-664.3145
147,96,6.9302
148,96,-1427.3
149,96,-895.8929
150,96,-2377
151,96,-1620
152,96,-3170
153,96,-2353
136,97,5478
137,97,6673
138,97,4757
139,97,5689
140,97,3963
141,97,4771
142,97,3103
143,97,3940
144,97,2279
145,97,2948
146,97,1507.6936
147,97,2261.9902
148,97,809.2519
149,97,1350
150,97,-43.5841
151,97,738.3049
152,97,-904.363
153,97,-37.582
154,97,-1420
155,97,-521
139,98,4728
140,98,3061
141,98,3952
142,98,2324
143,98,3346
144,98,1635
145,98,2300
146,98,764.2709
147,98,1571.3755
148,98,123.3159
149,98,619.8711
150,98,-893.1015
151,98,-123.6
152,98,-1781.6696
153,98,-1093
154,98,-2500
155,98,-1627
156,98,-3052
140,99,5429
141,99,6237
142,99,4567
143,99,5414
144,99,3757
145,99,4547
146,99,2930
147,99,3728.5741
148,99,2469.0006
149,99,3061
150,99,1452
151,99,2055
152,99,376.566
153,99,1260
154,99,-291.0753
155,99,652.7561
156,99,-720
157,99,144
141,100,5327
142,100,3598
143,100,4569
144,100,2938
145,100,3877
146,100,2372.3848
147,100,3094
148,100,1599
149,100,2344
150,100,847
151,100,1447.261
152,100,-477.9998
153,100,335.0623
154,100,-1091.63
155,100,-288.7717
156,100,-1700
157,100,-813
158,100,-2276
143,101,6634
144,101,5133
145,101,5924
146,101,4263
147,101,5050
148,101,3661.8091
149,101,4326.9476
150,101,3007.9406
151,101,3650.5075
152,101,1827
153,101,2550
154,101,1041.6037
155,101,1971
156,101,402.3347
157,101,1264
158,101,-140
159,101,784
146,102,3741
147,102,4606
148,102,3167
149,102,3882
150,102,2404.2523
151,102,3186
152,102,1271
153,102,1969.8648
154,102,367
155,102,1254.5923
156,102,-213
157,102,515
158,102,-940
159,102,-123
160,102,-1566
148,103,4981
149,103,5666
150,103,4164.7752
151,103,4922.5753
152,103,3135.3716
153,103,3923.5573
154,103,2418
155,103,3304
156,103,1771
157,103,2667
158,103,1102
159,103,2004
160,103,540
161,103,1364
149,104,5118
150,104,3555
151,104,4382
152,104,2475.3893
153,104,3201
154,104,1562
155,104,2516
156,104,871
157,104,1761
158,104,287
159,104,1087
160,104,-300
161,104,457
162,104,-1526
150,105,5265
151,105,6076
152,105,4287.8969
153,105,5163.3651
154,105,3624
155,105,4525
156,105,2990
157,105,3861
158,105,2353
159,105,3187
160,105,1692
161,105,2604
162,105,570
163,105,1584
152,106,3788
153,106,4528
154,106,2875
155,106,3697
156,106,2116
157,106,3085
158,106,1521
159,106,2412
160,106,877
161,106,1792
162,106,-260
163,106,544
164,106,-966
153,107,6576
154,107,5074.4052
155,107,5883.0463
156,107,4301
157,107,5175
158,107,3601
159,107,4487
160,107,2958
161,107,3907
162,107,1785
163,107,2799
164,107,1242
165,107,2267
166,107,763
155,108,5182
156,108,3605
157,108,4505
158,108,3036
159,108,3893
160,108,2261
161,108,3016
162,108,882
163,108,1832
164,108,217
165,108,1084
166,108,-356
167,108,712
168,108,-765
169,108,275
170,108,-1150
156,109,5724
157,109,6533.0066
158,109,5133
159,109,6183
160,109,4807
161,109,5597
162,109,3409
163,109,4477
164,109,3015
165,109,3843
166,109,2275
167,109,3127
168,109,1633
169,109,2547
170,109,1085
171,109,2090
157,110,6089
158,110,4497
159,110,5535
160,110,3973
161,110,4853
162,110,2601
163,110,3503
164,110,1948
165,110,2899
166,110,1227
167,110,2084
168,110,484
169,110,1439
170,110,-190
171,110,873
172,110,-665
161,111,6690
162,111,4600
163,111,5415
164,111,3729
165,111,4847
166,111,3315
167,111,4270
168,111,2697
169,111,3566
170,111,2060
171,111,2952
172,111,1550
173,111,2510
164,112,2974
165,112,3925
166,112,2321
167,112,3299
168,112,1768
169,112,2614
170,112,1084
171,112,1957
172,112,445
173,112,1357
174,112,-61
165,113,6188
166,113,4439
167,113,5585
168,113,3863
169,113,4903
170,113,3226
171,113,4176
172,113,2682
173,113,3507
174,113,2085
175,113,3039
170,114,2188
171,114,3164
172,114,1649
173,114,2474
174,114,947
175,114,1915
176,114,416
172,115,3819
173,115,4749
174,115,3217
175,115,4061
176,115,2680
173,116,3774
174,116,2236
175,116,3064
176,116,1533
174,117,4409
175,117,5488
176,117,3860
175,118,4374
176,118,2923
